source_file,adapter_type,lr,rank,svals,svecs,tr_from_name,tr_actual,accuracy,negative_shift_count,negative_shift_score,positive_shift_count,positive_shift_score,raw_adapter_name
google_gemma-3-12b-it_scores-dora.jsonl,dora,1e-2,16,,,,10938,0.007167672334978973,4069,4048.4,0,0.0,dora_trAll_lora_r16_lr1e-2
google_gemma-3-12b-it_scores-dora.jsonl,dora,1e-2,1,,,,10938,0.00018284878405558602,4214,4208.299999999999,0,0.0,dora_trAll_lora_r1_lr1e-2
google_gemma-3-12b-it_scores-dora.jsonl,dora,1e-2,32,,,,10938,0.01777290181020296,3937,3922.3,0,0.0,dora_trAll_lora_r32_lr1e-2
google_gemma-3-12b-it_scores-dora.jsonl,dora,1e-2,3,,,,10938,0.02056134576705065,3882,3871.9,0,0.0,dora_trAll_lora_r3_lr1e-2
google_gemma-3-12b-it_scores-dora.jsonl,dora,1e-2,64,,,,10938,0.018924849149753155,3897,3886.2,0,0.0,dora_trAll_lora_r64_lr1e-2
google_gemma-3-12b-it_scores-dora.jsonl,dora,1e-2,8,,,,10938,0.020149936002925584,3895,3884.0999999999995,0,0.0,dora_trAll_lora_r8_lr1e-2
google_gemma-3-12b-it_scores-dora.jsonl,dora,1e-3,16,,,,10938,0.9964710184677271,2899,2888.5,21,18.899999999999995,dora_trAll_lora_r16_lr1e-3
google_gemma-3-12b-it_scores-dora.jsonl,dora,1e-3,1,,,,10938,0.012890839275918815,4002,3984.7,0,0.0,dora_trAll_lora_r1_lr1e-3
google_gemma-3-12b-it_scores-dora.jsonl,dora,1e-3,32,,,,10938,0.9965624428597549,2835,2824.4,14,12.600000000000001,dora_trAll_lora_r32_lr1e-3
google_gemma-3-12b-it_scores-dora.jsonl,dora,1e-3,3,,,,10938,0.025031998537209728,3837,3823.5,0,0.0,dora_trAll_lora_r3_lr1e-3
google_gemma-3-12b-it_scores-dora.jsonl,dora,1e-3,64,,,,10938,0.9968001462790272,2842,2831.2999999999997,12,10.8,dora_trAll_lora_r64_lr1e-3
google_gemma-3-12b-it_scores-dora.jsonl,dora,1e-3,8,,,,10938,0.9953007862497715,2960,2951.1,18,16.2,dora_trAll_lora_r8_lr1e-3
google_gemma-3-12b-it_scores-dora.jsonl,dora,1e-4,16,,,,10938,0.9932254525507407,1554,1546.1,23,20.699999999999992,dora_trAll_lora_r16_lr1e-4
google_gemma-3-12b-it_scores-dora.jsonl,dora,1e-4,1,,,,10938,0.9895867617480344,1579,1570.8000000000002,26,23.4,dora_trAll_lora_r1_lr1e-4
google_gemma-3-12b-it_scores-dora.jsonl,dora,1e-4,32,,,,10938,0.9928780398610348,1523,1515.5,22,19.799999999999994,dora_trAll_lora_r32_lr1e-4
google_gemma-3-12b-it_scores-dora.jsonl,dora,1e-4,3,,,,10938,0.9918449442311208,1518,1510.3,27,24.299999999999997,dora_trAll_lora_r3_lr1e-4
google_gemma-3-12b-it_scores-dora.jsonl,dora,1e-4,64,,,,10938,0.9918358017919181,1523,1514.4,22,19.799999999999994,dora_trAll_lora_r64_lr1e-4
google_gemma-3-12b-it_scores-dora.jsonl,dora,1e-4,8,,,,10938,0.9915798134942402,1469,1461.2,22,19.799999999999994,dora_trAll_lora_r8_lr1e-4
google_gemma-3-12b-it_scores-dora.jsonl,dora,1e-5,16,,,,10938,0.30647284695556776,1142,1123.7,20,17.999999999999996,dora_trAll_lora_r16_lr1e-5
google_gemma-3-12b-it_scores-dora.jsonl,dora,1e-5,1,,,,10938,0.3199945145364783,1192,1173.3000000000002,15,13.500000000000002,dora_trAll_lora_r1_lr1e-5
google_gemma-3-12b-it_scores-dora.jsonl,dora,1e-5,32,,,,10938,0.3110532089961602,1119,1100.6000000000001,15,13.500000000000002,dora_trAll_lora_r32_lr1e-5
google_gemma-3-12b-it_scores-dora.jsonl,dora,1e-5,3,,,,10938,0.3090053026147377,1127,1106.0,16,14.4,dora_trAll_lora_r3_lr1e-5
google_gemma-3-12b-it_scores-dora.jsonl,dora,1e-5,64,,,,10938,0.3196105320899616,1135,1116.8,17,15.3,dora_trAll_lora_r64_lr1e-5
google_gemma-3-12b-it_scores-dora.jsonl,dora,1e-5,8,,,,10938,0.30045712196013896,1126,1107.0,14,12.600000000000001,dora_trAll_lora_r8_lr1e-5
google_gemma-3-12b-it_scores-dora.jsonl,dora,5e-3,16,,,,10938,0.02326750777107332,3874,3863.0,0,0.0,dora_trAll_lora_r16_lr5e-3
google_gemma-3-12b-it_scores-dora.jsonl,dora,5e-3,1,,,,10938,0.00019199122325836535,4214,4208.299999999999,0,0.0,dora_trAll_lora_r1_lr5e-3
google_gemma-3-12b-it_scores-dora.jsonl,dora,5e-3,32,,,,10938,0.02825013713658804,3870,3855.8,0,0.0,dora_trAll_lora_r32_lr5e-3
google_gemma-3-12b-it_scores-dora.jsonl,dora,5e-3,3,,,,10938,0.004735783507039679,4142,4123.1,0,0.0,dora_trAll_lora_r3_lr5e-3
google_gemma-3-12b-it_scores-dora.jsonl,dora,5e-3,64,,,,10938,0.02461144633388188,3871,3859.1,0,0.0,dora_trAll_lora_r64_lr5e-3
google_gemma-3-12b-it_scores-dora.jsonl,dora,5e-3,8,,,,10938,0.007414518193454014,4054,4034.0,0,0.0,dora_trAll_lora_r8_lr5e-3
google_gemma-3-12b-it_scores-dora.jsonl,dora,5e-4,16,,,,10938,0.9967087218869994,1943,1933.8,19,17.099999999999998,dora_trAll_lora_r16_lr5e-4
google_gemma-3-12b-it_scores-dora.jsonl,dora,5e-4,1,,,,10938,0.9927683305906015,2167,2157.9,22,19.799999999999994,dora_trAll_lora_r1_lr5e-4
google_gemma-3-12b-it_scores-dora.jsonl,dora,5e-4,32,,,,10938,0.9968001462790272,1891,1881.0,17,15.3,dora_trAll_lora_r32_lr5e-4
google_gemma-3-12b-it_scores-dora.jsonl,dora,5e-4,3,,,,10938,0.9964253062717132,2087,2078.0,15,13.500000000000002,dora_trAll_lora_r3_lr5e-4
google_gemma-3-12b-it_scores-dora.jsonl,dora,5e-4,64,,,,10938,0.9968001462790272,1824,1815.3000000000002,22,19.799999999999994,dora_trAll_lora_r64_lr5e-4
google_gemma-3-12b-it_scores-dora.jsonl,dora,5e-4,8,,,,10938,0.9963338818796854,1994,1986.1,24,21.6,dora_trAll_lora_r8_lr5e-4
google_gemma-3-12b-it_scores-dora.jsonl,dora,5e-5,16,,,,10938,0.9674072042420918,1573,1564.9,26,23.4,dora_trAll_lora_r16_lr5e-5
google_gemma-3-12b-it_scores-dora.jsonl,dora,5e-5,1,,,,10938,0.9676631925397697,1637,1628.5,25,22.5,dora_trAll_lora_r1_lr5e-5
google_gemma-3-12b-it_scores-dora.jsonl,dora,5e-5,32,,,,10938,0.9716584384713841,1644,1633.7,25,22.5,dora_trAll_lora_r32_lr5e-5
google_gemma-3-12b-it_scores-dora.jsonl,dora,5e-5,3,,,,10938,0.9681568842567198,1574,1566.3999999999999,29,26.099999999999994,dora_trAll_lora_r3_lr5e-5
google_gemma-3-12b-it_scores-dora.jsonl,dora,5e-5,64,,,,10938,0.9698299506308283,1539,1530.8,26,23.4,dora_trAll_lora_r64_lr5e-5
google_gemma-3-12b-it_scores-dora.jsonl,dora,5e-5,8,,,,10938,0.9667398061802888,1589,1580.8,28,25.199999999999996,dora_trAll_lora_r8_lr5e-5
google_gemma-3-12b-it_scores-lora.jsonl,lora,1e-2,3,,,,10938,0.024099469738526242,3919,3904.7,0,0.0,google_gemma-3-12b-it_lora_trAll_lora_r3_lr1e-2
google_gemma-3-12b-it_scores-lora.jsonl,lora,1e-3,3,,,,10938,0.029392942036935453,3865,3851.9,0,0.0,google_gemma-3-12b-it_lora_trAll_lora_r3_lr1e-3
google_gemma-3-12b-it_scores-lora.jsonl,lora,1e-4,1,,,,10938,0.9940939842750047,1635,1626.5,24,21.6,google_gemma-3-12b-it_lora_trAll_lora_r1_lr1e-4
google_gemma-3-12b-it_scores-lora.jsonl,lora,1e-4,3,,,,10938,0.9960687511428049,1573,1564.5,20,17.999999999999996,google_gemma-3-12b-it_lora_trAll_lora_r3_lr1e-4
google_gemma-3-12b-it_scores-lora.jsonl,lora,1e-5,3,,,,10938,0.6825836533187055,1911,1902.3999999999999,21,18.899999999999995,google_gemma-3-12b-it_lora_trAll_lora_r3_lr1e-5
google_gemma-3-12b-it_scores-lora.jsonl,lora,1e-6,3,,,,10938,0.1282684220149936,566,548.1,10,9.0,google_gemma-3-12b-it_lora_trAll_lora_r3_lr1e-6
google_gemma-3-12b-it_scores-lora.jsonl,lora,5e-3,3,,,,10938,0.021439019930517462,3955,3941.1000000000004,0,0.0,google_gemma-3-12b-it_lora_trAll_lora_r3_lr5e-3
google_gemma-3-12b-it_scores-lora.jsonl,lora,5e-4,3,,,,10938,0.17726275370268788,3509,3494.1,3,2.7,google_gemma-3-12b-it_lora_trAll_lora_r3_lr5e-4
google_gemma-3-12b-it_scores-lora.jsonl,lora,5e-5,16,,,,10938,0.9925854818065462,1507,1498.0,25,22.5,google_gemma-3-12b-it_lora_trAll_lora_r16_lr5e-5
google_gemma-3-12b-it_scores-lora.jsonl,lora,5e-5,1,,,,10938,0.9902541598098372,1596,1589.3,24,21.6,google_gemma-3-12b-it_lora_trAll_lora_r1_lr5e-5
google_gemma-3-12b-it_scores-lora.jsonl,lora,5e-5,3,,,,10938,0.9920003656975681,1549,1541.3000000000002,26,23.4,google_gemma-3-12b-it_lora_trAll_lora_r3_lr5e-5
google_gemma-3-12b-it_scores-lora.jsonl,lora,5e-5,8,,,,10938,0.9921557871640154,1559,1550.9,24,21.6,google_gemma-3-12b-it_lora_trAll_lora_r8_lr5e-5
google_gemma-3-12b-it_scores-lora.jsonl,lora,7e-3,3,,,,10938,0.030819162552569022,3823,3808.8,0,0.0,google_gemma-3-12b-it_lora_trAll_lora_r3_lr7e-3
google_gemma-3-12b-it_scores-lora.jsonl,lora,7e-4,3,,,,10938,0.04330773450356556,3872,3858.6,4,3.6,google_gemma-3-12b-it_lora_trAll_lora_r3_lr7e-4
google_gemma-3-12b-it_scores-lora.jsonl,lora,7e-5,16,,,,10938,0.9948345218504296,1505,1496.9,25,22.5,google_gemma-3-12b-it_lora_trAll_lora_r16_lr7e-5
google_gemma-3-12b-it_scores-lora.jsonl,lora,7e-5,1,,,,10938,0.993252879868349,1654,1645.3,29,26.099999999999994,google_gemma-3-12b-it_lora_trAll_lora_r1_lr7e-5
google_gemma-3-12b-it_scores-lora.jsonl,lora,7e-5,3,,,,10938,0.9943956847686962,1495,1488.6999999999998,21,18.899999999999995,google_gemma-3-12b-it_lora_trAll_lora_r3_lr7e-5
google_gemma-3-12b-it_scores-lora.jsonl,lora,7e-5,8,,,,10938,0.9956390565002742,1476,1468.5,23,20.699999999999992,google_gemma-3-12b-it_lora_trAll_lora_r8_lr7e-5
google_gemma-3-12b-it_scores-uiortholora.jsonl,uiortholora,1e-3,1024,1024.0,0.0,,0,0.0,662,644.4000000000001,10,9.0,google_gemma-3-12b-it_uiortholora_trAll_uiortholora_s1024_v0_lr1e-3
google_gemma-3-12b-it_scores-uiortholora.jsonl,uiortholora,1e-4,1024,1024.0,0.0,,0,0.0,474,461.5,14,12.600000000000001,google_gemma-3-12b-it_uiortholora_trAll_uiortholora_s1024_v0_lr1e-4
google_gemma-3-12b-it_scores-uiortholora.jsonl,uiortholora,1e-5,1024,1024.0,0.0,,0,0.0,482,477.3,18,16.2,google_gemma-3-12b-it_uiortholora_trAll_uiortholora_s1024_v0_lr1e-5
google_gemma-3-12b-it_scores-uiortholora.jsonl,uiortholora,1e-6,1024,1024.0,0.0,,0,0.0,630,625.7,18,16.2,google_gemma-3-12b-it_uiortholora_trAll_uiortholora_s1024_v0_lr1e-6
google_gemma-3-12b-it_scores-uiortholora.jsonl,uiortholora,5e-4,1024,1024.0,0.0,,0,0.0,507,492.9,7,6.300000000000001,google_gemma-3-12b-it_uiortholora_trAll_uiortholora_s1024_v0_lr5e-4
google_gemma-3-12b-it_scores-uiortholora.jsonl,uiortholora,5e-5,1024,1024.0,0.0,,0,0.0,453,444.30000000000007,16,14.4,google_gemma-3-12b-it_uiortholora_trAll_uiortholora_s1024_v0_lr5e-5
google_gemma-3-12b-it_scores-uiortholora.jsonl,uiortholora,7e-4,1024,1024.0,0.0,,0,0.0,555,538.6,8,7.2,google_gemma-3-12b-it_uiortholora_trAll_uiortholora_s1024_v0_lr7e-4
google_gemma-3-12b-it_scores-uiortholora.jsonl,uiortholora,7e-5,1024,1024.0,0.0,,0,0.0,495,481.5,14,12.600000000000001,google_gemma-3-12b-it_uiortholora_trAll_uiortholora_s1024_v0_lr7e-5
google_gemma-3-12b-it_scores-uiortholora.jsonl,uiortholora,1e-2,1024,1024.0,0.0,,10938,0.9947613823368076,1678,1668.5,16,14.4,google_gemma-3-12b-it_uiortholora_trAll_s1024_v0_lr1e-2
google_gemma-3-12b-it_scores-uiortholora.jsonl,uiortholora,1e-2,1024,1024.0,10.0,,10938,0.9956116291826659,1675,1666.1,24,21.6,google_gemma-3-12b-it_uiortholora_trAll_s1024_v10_lr1e-2
google_gemma-3-12b-it_scores-uiortholora.jsonl,uiortholora,1e-2,1024,1024.0,128.0,,10938,0.9949442311208632,1691,1682.1000000000001,20,17.999999999999996,google_gemma-3-12b-it_uiortholora_trAll_s1024_v128_lr1e-2
google_gemma-3-12b-it_scores-uiortholora.jsonl,uiortholora,1e-2,1024,1024.0,256.0,,10938,0.9946882428231852,1747,1738.1999999999998,23,20.699999999999992,google_gemma-3-12b-it_uiortholora_trAll_s1024_v256_lr1e-2
google_gemma-3-12b-it_scores-uiortholora.jsonl,uiortholora,1e-2,1024,1024.0,32.0,,10938,0.994322545255074,1729,1720.3,21,18.899999999999995,google_gemma-3-12b-it_uiortholora_trAll_s1024_v32_lr1e-2
google_gemma-3-12b-it_scores-uiortholora.jsonl,uiortholora,1e-2,1024,1024.0,3.0,,10938,0.9946516730663741,1739,1730.3999999999999,20,17.999999999999996,google_gemma-3-12b-it_uiortholora_trAll_s1024_v3_lr1e-2
google_gemma-3-12b-it_scores-uiortholora.jsonl,uiortholora,1e-2,1024,1024.0,512.0,,10938,0.9945876759919546,1649,1639.7000000000003,22,19.799999999999994,google_gemma-3-12b-it_uiortholora_trAll_s1024_v512_lr1e-2
google_gemma-3-12b-it_scores-uiortholora.jsonl,uiortholora,1e-2,1024,1024.0,64.0,,10938,0.9952276467361492,1717,1708.4,22,19.799999999999994,google_gemma-3-12b-it_uiortholora_trAll_s1024_v64_lr1e-2
google_gemma-3-12b-it_scores-uiortholora.jsonl,uiortholora,1e-2,256,256.0,0.0,,10938,0.994816236972024,1748,1738.9,20,17.999999999999996,google_gemma-3-12b-it_uiortholora_trAll_s256_v0_lr1e-2
google_gemma-3-12b-it_scores-uiortholora.jsonl,uiortholora,1e-2,256,256.0,128.0,,10938,0.995154507222527,1748,1738.3000000000002,18,16.2,google_gemma-3-12b-it_uiortholora_trAll_s256_v128_lr1e-2
google_gemma-3-12b-it_scores-uiortholora.jsonl,uiortholora,1e-2,256,256.0,3.0,,10938,0.9958767599195465,1730,1719.4,18,16.2,google_gemma-3-12b-it_uiortholora_trAll_s256_v3_lr1e-2
google_gemma-3-12b-it_scores-uiortholora.jsonl,uiortholora,1e-2,256,256.0,64.0,,10938,0.9954653501554216,1702,1692.1999999999998,20,17.999999999999996,google_gemma-3-12b-it_uiortholora_trAll_s256_v64_lr1e-2
google_gemma-3-12b-it_scores-uiortholora.jsonl,uiortholora,1e-2,256,256.0,96.0,,10938,0.9957761930883159,1744,1734.3000000000002,21,18.899999999999995,google_gemma-3-12b-it_uiortholora_trAll_s256_v96_lr1e-2
google_gemma-3-12b-it_scores-uiortholora.jsonl,uiortholora,1e-2,512,512.0,0.0,,10938,0.9948436642896326,1703,1693.9,25,22.5,google_gemma-3-12b-it_uiortholora_trAll_s512_v0_lr1e-2
google_gemma-3-12b-it_scores-uiortholora.jsonl,uiortholora,1e-2,512,512.0,128.0,,10938,,0,0.0,0,0.0,google_gemma-3-12b-it_uiortholora_trAll_s512_v128_lr1e-2
google_gemma-3-12b-it_scores-uiortholora.jsonl,uiortholora,1e-2,512,512.0,3.0,,10938,0.9952459316145548,1740,1731.6999999999998,18,16.2,google_gemma-3-12b-it_uiortholora_trAll_s512_v3_lr1e-2
google_gemma-3-12b-it_scores-uiortholora.jsonl,uiortholora,1e-2,1024,1024.0,0.0,,10938,0.9949350886816603,1695,1685.9,21,18.899999999999995,google_gemma-3-12b-it_uiortholora_trAll_uiortholora_s1024_v0_lr1e-2
google_gemma-3-12b-it_scores-uiortholora.jsonl,uiortholora,1e-3,512,512.0,128.0,,10938,0.2783232766502102,944,924.5000000000001,17,15.3,google_gemma-3-12b-it_uiortholora_trAll_s512_v128_lr1e-3
google_gemma-3-12b-it_scores-uiortholora.jsonl,uiortholora,1e-3,512,512.0,256.0,,10938,0.297184128725544,995,978.6000000000001,15,13.500000000000002,google_gemma-3-12b-it_uiortholora_trAll_s512_v256_lr1e-3
google_gemma-3-12b-it_scores-uiortholora.jsonl,uiortholora,1e-3,512,512.0,32.0,,10938,0.24508136770890476,816,799.0,13,11.700000000000001,google_gemma-3-12b-it_uiortholora_trAll_s512_v32_lr1e-3
google_gemma-3-12b-it_scores-uiortholora.jsonl,uiortholora,1e-4,512,512.0,128.0,,10938,,0,0.0,0,0.0,google_gemma-3-12b-it_uiortholora_trAll_s512_v128_lr1e-4
google_gemma-3-12b-it_scores-uiortholora.jsonl,uiortholora,1e-4,512,512.0,256.0,,10938,,0,0.0,0,0.0,google_gemma-3-12b-it_uiortholora_trAll_s512_v256_lr1e-4
google_gemma-3-12b-it_scores-uiortholora.jsonl,uiortholora,1e-4,512,512.0,32.0,,10938,,0,0.0,0,0.0,google_gemma-3-12b-it_uiortholora_trAll_s512_v32_lr1e-4
google_gemma-3-12b-it_scores-uiortholora.jsonl,uiortholora,1e-4,512,512.0,64.0,,10938,0.10362954836350338,478,463.90000000000003,15,13.500000000000002,google_gemma-3-12b-it_uiortholora_trAll_s512_v64_lr1e-4
google_gemma-3-12b-it_scores-uiortholora.jsonl,uiortholora,1e-5,512,512.0,64.0,,10938,0.056134576705064915,486,480.40000000000003,19,17.099999999999998,google_gemma-3-12b-it_uiortholora_trAll_s512_v64_lr1e-5
google_gemma-3-12b-it_scores-uiortholora.jsonl,uiortholora,2e-2,1024,1024.0,0.0,,10938,0.9962698848052661,2555,2547.8,14,12.600000000000001,google_gemma-3-12b-it_uiortholora_trAll_s1024_v0_lr2e-2
google_gemma-3-12b-it_scores-uiortholora.jsonl,uiortholora,2e-2,1024,1024.0,10.0,,10938,,0,0.0,0,0.0,google_gemma-3-12b-it_uiortholora_trAll_s1024_v10_lr2e-2
google_gemma-3-12b-it_scores-uiortholora.jsonl,uiortholora,2e-2,1024,1024.0,128.0,,10938,0.9964618760285243,2597,2587.3,15,13.500000000000002,google_gemma-3-12b-it_uiortholora_trAll_s1024_v128_lr2e-2
google_gemma-3-12b-it_scores-uiortholora.jsonl,uiortholora,2e-2,1024,1024.0,256.0,,10938,0.9962790272444689,2541,2530.9,18,16.2,google_gemma-3-12b-it_uiortholora_trAll_s1024_v256_lr2e-2
google_gemma-3-12b-it_scores-uiortholora.jsonl,uiortholora,2e-2,1024,1024.0,32.0,,10938,0.996516730663741,2549,2538.9,15,13.500000000000002,google_gemma-3-12b-it_uiortholora_trAll_s1024_v32_lr2e-2
google_gemma-3-12b-it_scores-uiortholora.jsonl,uiortholora,2e-2,1024,1024.0,3.0,,10938,0.9965075882245382,2546,2536.2999999999997,17,15.3,google_gemma-3-12b-it_uiortholora_trAll_s1024_v3_lr2e-2
google_gemma-3-12b-it_scores-uiortholora.jsonl,uiortholora,2e-2,1024,1024.0,512.0,,10938,0.9951270799049187,2529,2519.5,16,14.4,google_gemma-3-12b-it_uiortholora_trAll_s1024_v512_lr2e-2
google_gemma-3-12b-it_scores-uiortholora.jsonl,uiortholora,2e-2,1024,1024.0,64.0,,10938,0.9963613091972939,2607,2598.2,15,13.500000000000002,google_gemma-3-12b-it_uiortholora_trAll_s1024_v64_lr2e-2
google_gemma-3-12b-it_scores-uiortholora.jsonl,uiortholora,2e-2,256,256.0,0.0,,10938,0.9967178643262022,2602,2592.7,19,17.099999999999998,google_gemma-3-12b-it_uiortholora_trAll_s256_v0_lr2e-2
google_gemma-3-12b-it_scores-uiortholora.jsonl,uiortholora,2e-2,256,256.0,3.0,,10938,0.9961601755348327,2523,2513.2,16,14.4,google_gemma-3-12b-it_uiortholora_trAll_s256_v3_lr2e-2
google_gemma-3-12b-it_scores-uiortholora.jsonl,uiortholora,2e-2,512,512.0,0.0,,10938,0.9961601755348327,2599,2590.2000000000003,16,14.4,google_gemma-3-12b-it_uiortholora_trAll_s512_v0_lr2e-2
google_gemma-3-12b-it_scores-uiortholora.jsonl,uiortholora,2e-2,512,512.0,3.0,,10938,0.9964435911501189,2511,2501.4,13,11.700000000000001,google_gemma-3-12b-it_uiortholora_trAll_s512_v3_lr2e-2
google_gemma-3-12b-it_scores-uiortholora.jsonl,uiortholora,4e-2,1024,1024.0,0.0,,10938,0.9639787895410495,3459,3448.8,9,8.1,google_gemma-3-12b-it_uiortholora_trAll_s1024_v0_lr4e-2
google_gemma-3-12b-it_scores-uiortholora.jsonl,uiortholora,4e-2,1024,1024.0,128.0,,10938,0.9748217224355459,3386,3377.5,10,9.0,google_gemma-3-12b-it_uiortholora_trAll_s1024_v128_lr4e-2
google_gemma-3-12b-it_scores-uiortholora.jsonl,uiortholora,4e-2,1024,1024.0,256.0,,10938,0.9430334613274821,3458,3448.8999999999996,11,9.9,google_gemma-3-12b-it_uiortholora_trAll_s1024_v256_lr4e-2
google_gemma-3-12b-it_scores-uiortholora.jsonl,uiortholora,4e-2,1024,1024.0,32.0,,10938,0.9751142804900347,3446,3436.5999999999995,12,10.8,google_gemma-3-12b-it_uiortholora_trAll_s1024_v32_lr4e-2
google_gemma-3-12b-it_scores-uiortholora.jsonl,uiortholora,4e-2,1024,1024.0,512.0,,10938,0.9052020479063815,3426,3415.9,9,8.1,google_gemma-3-12b-it_uiortholora_trAll_s1024_v512_lr4e-2
google_gemma-3-12b-it_scores-uiortholora.jsonl,uiortholora,4e-2,1024,1024.0,64.0,,10938,0.9779941488389101,3471,3462.8,12,10.8,google_gemma-3-12b-it_uiortholora_trAll_s1024_v64_lr4e-2
google_gemma-3-12b-it_scores-uiortholora.jsonl,uiortholora,5e-3,256,256.0,128.0,,10938,0.941671237886268,1544,1534.6000000000001,20,17.999999999999996,google_gemma-3-12b-it_uiortholora_trAll_s256_v128_lr5e-3
google_gemma-3-12b-it_scores-uiortholora.jsonl,uiortholora,5e-3,256,256.0,64.0,,10938,0.9468275735966357,1611,1602.3000000000002,18,16.2,google_gemma-3-12b-it_uiortholora_trAll_s256_v64_lr5e-3
google_gemma-3-12b-it_scores-uiortholora.jsonl,uiortholora,5e-3,256,256.0,96.0,,10938,0.9361583470469921,1544,1535.5,17,15.3,google_gemma-3-12b-it_uiortholora_trAll_s256_v96_lr5e-3
google_gemma-3-12b-it_scores-uiortholora.jsonl,uiortholora,5e-3,512,512.0,128.0,,10938,0.9340464435911502,1570,1561.3000000000002,23,20.699999999999992,google_gemma-3-12b-it_uiortholora_trAll_s512_v128_lr5e-3
google_gemma-3-12b-it_scores-uiortholora.jsonl,uiortholora,5e-3,512,512.0,64.0,,10938,0.9364417626622782,1592,1582.7,20,17.999999999999996,google_gemma-3-12b-it_uiortholora_trAll_s512_v64_lr5e-3
google_gemma-3-12b-it_scores-uiortholora.jsonl,uiortholora,5e-3,512,512.0,96.0,,10938,0.9370634485280671,1570,1559.7,20,17.999999999999996,google_gemma-3-12b-it_uiortholora_trAll_s512_v96_lr5e-3
google_gemma-3-12b-it_scores-uiortholora.jsonl,uiortholora,5e-3,1024,1024.0,0.0,,10938,0.9245017370634486,1631,1622.4,21,18.899999999999995,google_gemma-3-12b-it_uiortholora_trAll_uiortholora_s1024_v0_lr5e-3
google_gemma-3-12b-it_scores-uiortholora.jsonl,uiortholora,5e-6,1024,1024.0,0.0,,10938,0.047970378496983,560,555.4,16,14.4,google_gemma-3-12b-it_uiortholora_trAll_uiortholora_s1024_v0_lr5e-6
google_gemma-3-12b-it_scores-uiortholora.jsonl,uiortholora,6e-3,256,256.0,128.0,,10938,0.9769793380874018,1581,1571.7,23,20.699999999999992,google_gemma-3-12b-it_uiortholora_trAll_s256_v128_lr6e-3
google_gemma-3-12b-it_scores-uiortholora.jsonl,uiortholora,6e-3,256,256.0,64.0,,10938,0.972782958493326,1551,1541.6,20,17.999999999999996,google_gemma-3-12b-it_uiortholora_trAll_s256_v64_lr6e-3
google_gemma-3-12b-it_scores-uiortholora.jsonl,uiortholora,6e-3,256,256.0,96.0,,10938,0.9737520570488206,1551,1543.5,20,17.999999999999996,google_gemma-3-12b-it_uiortholora_trAll_s256_v96_lr6e-3
google_gemma-3-12b-it_scores-uiortholora.jsonl,uiortholora,6e-3,512,512.0,128.0,,10938,0.973368074602304,1509,1500.1000000000001,22,19.799999999999994,google_gemma-3-12b-it_uiortholora_trAll_s512_v128_lr6e-3
google_gemma-3-12b-it_scores-uiortholora.jsonl,uiortholora,6e-3,512,512.0,64.0,,10938,0.9757268239166209,1586,1577.7,23,20.699999999999992,google_gemma-3-12b-it_uiortholora_trAll_s512_v64_lr6e-3
google_gemma-3-12b-it_scores-uiortholora.jsonl,uiortholora,6e-3,512,512.0,96.0,,10938,0.9704424940574146,1578,1568.4,22,19.799999999999994,google_gemma-3-12b-it_uiortholora_trAll_s512_v96_lr6e-3
google_gemma-3-12b-it_scores-uiortholora.jsonl,uiortholora,6e-3,1024,1024.0,0.0,,10938,0.5246297312122874,1401,1387.7,15,13.500000000000002,uiortholora_trAll_sv1024_svec0_lr6e-3
google_gemma-3-12b-it_scores-uiortholora.jsonl,uiortholora,6e-3,1024,1024.0,128.0,,10938,0.5857560797220699,1564,1551.5,21,18.899999999999995,uiortholora_trAll_sv1024_svec128_lr6e-3
google_gemma-3-12b-it_scores-uiortholora.jsonl,uiortholora,6e-3,1024,1024.0,256.0,,10938,0.5929603218138598,1510,1499.0,23,20.699999999999992,uiortholora_trAll_sv1024_svec256_lr6e-3
google_gemma-3-12b-it_scores-uiortholora.jsonl,uiortholora,6e-3,1024,1024.0,32.0,,10938,0.5944139696471019,1604,1593.7,14,12.600000000000001,uiortholora_trAll_sv1024_svec32_lr6e-3
google_gemma-3-12b-it_scores-uiortholora.jsonl,uiortholora,6e-3,1024,1024.0,512.0,,10938,0.6794752239897605,1479,1470.0,18,16.2,uiortholora_trAll_sv1024_svec512_lr6e-3
google_gemma-3-12b-it_scores-uiortholora.jsonl,uiortholora,6e-3,1024,1024.0,64.0,,10938,0.5953099286889743,1627,1615.1,19,17.099999999999998,uiortholora_trAll_sv1024_svec64_lr6e-3
google_gemma-3-12b-it_scores-uiortholora.jsonl,uiortholora,6e-3,256,256.0,0.0,,10938,0.545776193088316,1423,1410.2,19,17.099999999999998,uiortholora_trAll_sv256_svec0_lr6e-3
google_gemma-3-12b-it_scores-uiortholora.jsonl,uiortholora,6e-3,256,256.0,128.0,,10938,0.5912049734869264,1601,1589.6999999999998,19,17.099999999999998,uiortholora_trAll_sv256_svec128_lr6e-3
google_gemma-3-12b-it_scores-uiortholora.jsonl,uiortholora,6e-3,256,256.0,256.0,,10938,0.6047540683854452,1554,1544.4,21,18.899999999999995,uiortholora_trAll_sv256_svec256_lr6e-3
google_gemma-3-12b-it_scores-uiortholora.jsonl,uiortholora,6e-3,256,256.0,32.0,,10938,0.6038672517827757,1583,1571.5,22,19.799999999999994,uiortholora_trAll_sv256_svec32_lr6e-3
google_gemma-3-12b-it_scores-uiortholora.jsonl,uiortholora,6e-3,256,256.0,512.0,,10938,,0,0.0,0,0.0,uiortholora_trAll_sv256_svec512_lr6e-3
google_gemma-3-12b-it_scores-uiortholora.jsonl,uiortholora,6e-3,256,256.0,64.0,,10938,0.5946151033095629,1582,1570.3000000000002,18,16.2,uiortholora_trAll_sv256_svec64_lr6e-3
google_gemma-3-12b-it_scores-uiortholora.jsonl,uiortholora,6e-3,512,512.0,0.0,,10938,0.5399067471201316,1421,1407.4,21,18.899999999999995,uiortholora_trAll_sv512_svec0_lr6e-3
google_gemma-3-12b-it_scores-uiortholora.jsonl,uiortholora,6e-3,512,512.0,128.0,,10938,0.5826202230755165,1565,1554.6,18,16.2,uiortholora_trAll_sv512_svec128_lr6e-3
google_gemma-3-12b-it_scores-uiortholora.jsonl,uiortholora,6e-3,512,512.0,256.0,,10938,0.6032181385993782,1518,1505.9,19,17.099999999999998,uiortholora_trAll_sv512_svec256_lr6e-3
google_gemma-3-12b-it_scores-uiortholora.jsonl,uiortholora,6e-3,512,512.0,32.0,,10938,0.5950905101481075,1586,1576.1999999999998,23,20.699999999999992,uiortholora_trAll_sv512_svec32_lr6e-3
google_gemma-3-12b-it_scores-uiortholora.jsonl,uiortholora,6e-3,512,512.0,512.0,,10938,0.6847595538489669,1493,1481.8000000000002,21,18.899999999999995,uiortholora_trAll_sv512_svec512_lr6e-3
google_gemma-3-12b-it_scores-uiortholora.jsonl,uiortholora,6e-3,512,512.0,64.0,,10938,0.5996343024318889,1559,1548.4,22,19.799999999999994,uiortholora_trAll_sv512_svec64_lr6e-3
google_gemma-3-12b-it_scores-uiortholora.jsonl,uiortholora,7e-3,1024,1024.0,0.0,,10938,0.9856737977692449,1612,1604.2,26,23.4,google_gemma-3-12b-it_uiortholora_trAll_s1024_v0_lr7e-3
google_gemma-3-12b-it_scores-uiortholora.jsonl,uiortholora,7e-3,1024,1024.0,128.0,,10938,0.9877674163466814,1619,1609.5,19,17.099999999999998,google_gemma-3-12b-it_uiortholora_trAll_s1024_v128_lr7e-3
google_gemma-3-12b-it_scores-uiortholora.jsonl,uiortholora,7e-3,1024,1024.0,256.0,,10938,0.9861217772901809,1532,1522.8,20,17.999999999999996,google_gemma-3-12b-it_uiortholora_trAll_s1024_v256_lr7e-3
google_gemma-3-12b-it_scores-uiortholora.jsonl,uiortholora,7e-3,1024,1024.0,32.0,,10938,0.9850338270250503,1556,1547.7000000000003,21,18.899999999999995,google_gemma-3-12b-it_uiortholora_trAll_s1024_v32_lr7e-3
google_gemma-3-12b-it_scores-uiortholora.jsonl,uiortholora,7e-3,1024,1024.0,512.0,,10938,0.9878862680563174,1533,1523.1000000000001,23,20.699999999999992,google_gemma-3-12b-it_uiortholora_trAll_s1024_v512_lr7e-3
google_gemma-3-12b-it_scores-uiortholora.jsonl,uiortholora,7e-3,1024,1024.0,64.0,,10938,0.9840464435911501,1531,1522.5,19,17.099999999999998,google_gemma-3-12b-it_uiortholora_trAll_s1024_v64_lr7e-3
google_gemma-3-12b-it_scores-uiortholora.jsonl,uiortholora,7e-3,256,256.0,128.0,,10938,0.988443956847687,1499,1492.5,25,22.5,google_gemma-3-12b-it_uiortholora_trAll_s256_v128_lr7e-3
google_gemma-3-12b-it_scores-uiortholora.jsonl,uiortholora,7e-3,256,256.0,64.0,,10938,0.9863960504662644,1601,1593.0,20,17.999999999999996,google_gemma-3-12b-it_uiortholora_trAll_s256_v64_lr7e-3
google_gemma-3-12b-it_scores-uiortholora.jsonl,uiortholora,7e-3,256,256.0,96.0,,10938,0.9877857012250868,1569,1559.0,19,17.099999999999998,google_gemma-3-12b-it_uiortholora_trAll_s256_v96_lr7e-3
google_gemma-3-12b-it_scores-uiortholora.jsonl,uiortholora,7e-3,512,512.0,128.0,,10938,0.9862771987566282,1559,1551.2999999999997,20,17.999999999999996,google_gemma-3-12b-it_uiortholora_trAll_s512_v128_lr7e-3
google_gemma-3-12b-it_scores-uiortholora.jsonl,uiortholora,7e-3,512,512.0,64.0,,10938,0.9856737977692448,1614,1604.6000000000001,23,20.699999999999992,google_gemma-3-12b-it_uiortholora_trAll_s512_v64_lr7e-3
google_gemma-3-12b-it_scores-uiortholora.jsonl,uiortholora,7e-3,512,512.0,96.0,,10938,0.9856280855732309,1544,1536.2,22,19.799999999999994,google_gemma-3-12b-it_uiortholora_trAll_s512_v96_lr7e-3
google_gemma-3-12b-it_scores-uiortholora.jsonl,uiortholora,7e-3,1024,1024.0,0.0,,10938,0.9842932894496252,1590,1582.0,19,17.099999999999998,google_gemma-3-12b-it_uiortholora_trAll_uiortholora_s1024_v0_lr7e-3
google_gemma-3-12b-it_scores-uiortholora.jsonl,uiortholora,7e-3,1024,1024.0,0.0,,10938,0.6087127445602487,1599,1585.8999999999999,17,15.3,uiortholora_trAll_sv1024_svec0_lr7e-3
google_gemma-3-12b-it_scores-uiortholora.jsonl,uiortholora,7e-3,1024,1024.0,128.0,,10938,0.6525050283415617,1589,1578.4,22,19.799999999999994,uiortholora_trAll_sv1024_svec128_lr7e-3
google_gemma-3-12b-it_scores-uiortholora.jsonl,uiortholora,7e-3,1024,1024.0,256.0,,10938,0.6634302431888828,1540,1529.6999999999998,21,18.899999999999995,uiortholora_trAll_sv1024_svec256_lr7e-3
google_gemma-3-12b-it_scores-uiortholora.jsonl,uiortholora,7e-3,1024,1024.0,32.0,,10938,0.6737246297312123,1625,1615.3000000000002,20,17.999999999999996,uiortholora_trAll_sv1024_svec32_lr7e-3
google_gemma-3-12b-it_scores-uiortholora.jsonl,uiortholora,7e-3,1024,1024.0,512.0,,10938,0.7404187237154873,1503,1493.0,21,18.899999999999995,uiortholora_trAll_sv1024_svec512_lr7e-3
google_gemma-3-12b-it_scores-uiortholora.jsonl,uiortholora,7e-3,1024,1024.0,64.0,,10938,0.6680471749862864,1596,1585.8000000000002,17,15.3,uiortholora_trAll_sv1024_svec64_lr7e-3
google_gemma-3-12b-it_scores-uiortholora.jsonl,uiortholora,7e-3,1280,1280.0,0.0,,10938,,0,0.0,0,0.0,uiortholora_trAll_sv1280_svec0_lr7e-3
google_gemma-3-12b-it_scores-uiortholora.jsonl,uiortholora,7e-3,1280,1280.0,128.0,,10938,,0,0.0,0,0.0,uiortholora_trAll_sv1280_svec128_lr7e-3
google_gemma-3-12b-it_scores-uiortholora.jsonl,uiortholora,7e-3,1280,1280.0,256.0,,10938,,0,0.0,0,0.0,uiortholora_trAll_sv1280_svec256_lr7e-3
google_gemma-3-12b-it_scores-uiortholora.jsonl,uiortholora,7e-3,1536,1536.0,0.0,,10938,,0,0.0,0,0.0,uiortholora_trAll_sv1536_svec0_lr7e-3
google_gemma-3-12b-it_scores-uiortholora.jsonl,uiortholora,7e-3,1536,1536.0,128.0,,10938,,0,0.0,0,0.0,uiortholora_trAll_sv1536_svec128_lr7e-3
google_gemma-3-12b-it_scores-uiortholora.jsonl,uiortholora,7e-3,1536,1536.0,256.0,,10938,,0,0.0,0,0.0,uiortholora_trAll_sv1536_svec256_lr7e-3
google_gemma-3-12b-it_scores-uiortholora.jsonl,uiortholora,7e-3,256,256.0,0.0,,10938,0.6348052660449808,1538,1523.6,19,17.099999999999998,uiortholora_trAll_sv256_svec0_lr7e-3
google_gemma-3-12b-it_scores-uiortholora.jsonl,uiortholora,7e-3,256,256.0,128.0,,10938,0.6635948070945328,1589,1578.1999999999998,18,16.2,uiortholora_trAll_sv256_svec128_lr7e-3
google_gemma-3-12b-it_scores-uiortholora.jsonl,uiortholora,7e-3,256,256.0,256.0,,10938,0.6818888279392942,1567,1556.1000000000001,22,19.799999999999994,uiortholora_trAll_sv256_svec256_lr7e-3
google_gemma-3-12b-it_scores-uiortholora.jsonl,uiortholora,7e-3,256,256.0,32.0,,10938,0.6761839458767599,1571,1560.1000000000001,19,17.099999999999998,uiortholora_trAll_sv256_svec32_lr7e-3
google_gemma-3-12b-it_scores-uiortholora.jsonl,uiortholora,7e-3,256,256.0,512.0,,10938,,0,0.0,0,0.0,uiortholora_trAll_sv256_svec512_lr7e-3
google_gemma-3-12b-it_scores-uiortholora.jsonl,uiortholora,7e-3,256,256.0,64.0,,10938,0.6639513622234412,1654,1643.6,19,17.099999999999998,uiortholora_trAll_sv256_svec64_lr7e-3
google_gemma-3-12b-it_scores-uiortholora.jsonl,uiortholora,7e-3,512,512.0,0.0,,10938,0.6235874931431706,1565,1551.6000000000001,18,16.2,uiortholora_trAll_sv512_svec0_lr7e-3
google_gemma-3-12b-it_scores-uiortholora.jsonl,uiortholora,7e-3,512,512.0,128.0,,10938,0.6582190528432986,1609,1599.8,23,20.699999999999992,uiortholora_trAll_sv512_svec128_lr7e-3
google_gemma-3-12b-it_scores-uiortholora.jsonl,uiortholora,7e-3,512,512.0,256.0,,10938,0.6748308648747486,1572,1562.6999999999998,21,18.899999999999995,uiortholora_trAll_sv512_svec256_lr7e-3
google_gemma-3-12b-it_scores-uiortholora.jsonl,uiortholora,7e-3,512,512.0,32.0,,10938,0.6733772170415067,1639,1628.1,19,17.099999999999998,uiortholora_trAll_sv512_svec32_lr7e-3
google_gemma-3-12b-it_scores-uiortholora.jsonl,uiortholora,7e-3,512,512.0,512.0,,10938,0.7455750594258549,1529,1519.3999999999999,14,12.600000000000001,uiortholora_trAll_sv512_svec512_lr7e-3
google_gemma-3-12b-it_scores-uiortholora.jsonl,uiortholora,7e-3,512,512.0,64.0,,10938,0.672901810202962,1584,1573.6999999999998,14,12.600000000000001,uiortholora_trAll_sv512_svec64_lr7e-3
google_gemma-3-12b-it_scores-uiortholora.jsonl,uiortholora,8e-3,1024,1024.0,0.0,,10938,0.9913238251965625,1585,1577.1,22,19.799999999999994,google_gemma-3-12b-it_uiortholora_trAll_s1024_v0_lr8e-3
google_gemma-3-12b-it_scores-uiortholora.jsonl,uiortholora,8e-3,1024,1024.0,10.0,,10938,0.991012982263668,1615,1604.3000000000002,24,21.6,google_gemma-3-12b-it_uiortholora_trAll_s1024_v10_lr8e-3
google_gemma-3-12b-it_scores-uiortholora.jsonl,uiortholora,8e-3,1024,1024.0,128.0,,10938,0.9902084476138233,1591,1582.7,22,19.799999999999994,google_gemma-3-12b-it_uiortholora_trAll_s1024_v128_lr8e-3
google_gemma-3-12b-it_scores-uiortholora.jsonl,uiortholora,8e-3,1024,1024.0,256.0,,10938,0.990766136405193,1574,1565.5,19,17.099999999999998,google_gemma-3-12b-it_uiortholora_trAll_s1024_v256_lr8e-3
google_gemma-3-12b-it_scores-uiortholora.jsonl,uiortholora,8e-3,1024,1024.0,3.0,,10938,0.9904095812762845,1578,1568.3,23,20.699999999999992,google_gemma-3-12b-it_uiortholora_trAll_s1024_v3_lr8e-3
google_gemma-3-12b-it_scores-uiortholora.jsonl,uiortholora,8e-3,1024,1024.0,512.0,,10938,0.9920277930151764,1596,1587.6,20,17.999999999999996,google_gemma-3-12b-it_uiortholora_trAll_s1024_v512_lr8e-3
google_gemma-3-12b-it_scores-uiortholora.jsonl,uiortholora,8e-3,1024,1024.0,64.0,,10938,0.9916986652038765,1611,1602.7,23,20.699999999999992,google_gemma-3-12b-it_uiortholora_trAll_s1024_v64_lr8e-3
google_gemma-3-12b-it_scores-uiortholora.jsonl,uiortholora,8e-3,256,256.0,0.0,,10938,0.9916438105686598,1630,1622.0,23,20.699999999999992,google_gemma-3-12b-it_uiortholora_trAll_s256_v0_lr8e-3
google_gemma-3-12b-it_scores-uiortholora.jsonl,uiortholora,8e-3,256,256.0,128.0,,10938,0.9915615286158348,1600,1590.4,23,20.699999999999992,google_gemma-3-12b-it_uiortholora_trAll_s256_v128_lr8e-3
google_gemma-3-12b-it_scores-uiortholora.jsonl,uiortholora,8e-3,256,256.0,3.0,,10938,0.9927500457121959,1572,1562.4,26,23.4,google_gemma-3-12b-it_uiortholora_trAll_s256_v3_lr8e-3
google_gemma-3-12b-it_scores-uiortholora.jsonl,uiortholora,8e-3,256,256.0,64.0,,10938,0.9926403364417626,1663,1654.2,23,20.699999999999992,google_gemma-3-12b-it_uiortholora_trAll_s256_v64_lr8e-3
google_gemma-3-12b-it_scores-uiortholora.jsonl,uiortholora,8e-3,256,256.0,96.0,,10938,0.9917078076430791,1616,1607.2,21,18.899999999999995,google_gemma-3-12b-it_uiortholora_trAll_s256_v96_lr8e-3
google_gemma-3-12b-it_scores-uiortholora.jsonl,uiortholora,8e-3,512,512.0,0.0,,10938,0.9922380691168402,1621,1611.0,25,22.5,google_gemma-3-12b-it_uiortholora_trAll_s512_v0_lr8e-3
google_gemma-3-12b-it_scores-uiortholora.jsonl,uiortholora,8e-3,512,512.0,10.0,,10938,,0,0.0,0,0.0,google_gemma-3-12b-it_uiortholora_trAll_s512_v10_lr8e-3
google_gemma-3-12b-it_scores-uiortholora.jsonl,uiortholora,8e-3,512,512.0,128.0,,10938,0.9922929237520571,1566,1555.6,17,15.3,google_gemma-3-12b-it_uiortholora_trAll_s512_v128_lr8e-3
google_gemma-3-12b-it_scores-uiortholora.jsonl,uiortholora,8e-3,512,512.0,3.0,,10938,0.9910678368988847,1608,1598.8,26,23.4,google_gemma-3-12b-it_uiortholora_trAll_s512_v3_lr8e-3
google_gemma-3-12b-it_scores-uiortholora.jsonl,uiortholora,8e-3,512,512.0,64.0,,10938,0.992457487657707,1629,1621.1,18,16.2,google_gemma-3-12b-it_uiortholora_trAll_s512_v64_lr8e-3
google_gemma-3-12b-it_scores-uiortholora.jsonl,uiortholora,8e-3,512,512.0,96.0,,10938,0.9912415432437374,1630,1620.7,22,19.799999999999994,google_gemma-3-12b-it_uiortholora_trAll_s512_v96_lr8e-3
google_gemma-3-12b-it_scores-uiortholora.jsonl,uiortholora,8e-3,1024,1024.0,0.0,,10938,0.6782044249405741,1658,1645.5,16,14.4,uiortholora_trAll_sv1024_svec0_lr8e-3
google_gemma-3-12b-it_scores-uiortholora.jsonl,uiortholora,8e-3,1024,1024.0,128.0,,10938,0.7103766684951545,1606,1596.3,21,18.899999999999995,uiortholora_trAll_sv1024_svec128_lr8e-3
google_gemma-3-12b-it_scores-uiortholora.jsonl,uiortholora,8e-3,1024,1024.0,256.0,,10938,0.7370451636496619,1540,1528.2000000000003,20,17.999999999999996,uiortholora_trAll_sv1024_svec256_lr8e-3
google_gemma-3-12b-it_scores-uiortholora.jsonl,uiortholora,8e-3,1024,1024.0,32.0,,10938,0.7443499725726824,1651,1641.4,19,17.099999999999998,uiortholora_trAll_sv1024_svec32_lr8e-3
google_gemma-3-12b-it_scores-uiortholora.jsonl,uiortholora,8e-3,1024,1024.0,512.0,,10938,0.7986560614371915,1494,1484.2,18,16.2,uiortholora_trAll_sv1024_svec512_lr8e-3
google_gemma-3-12b-it_scores-uiortholora.jsonl,uiortholora,8e-3,1024,1024.0,64.0,,10938,0.7315597001279942,1642,1632.9,22,19.799999999999994,uiortholora_trAll_sv1024_svec64_lr8e-3
google_gemma-3-12b-it_scores-uiortholora.jsonl,uiortholora,8e-3,256,256.0,0.0,,10938,0.7213110257816785,1543,1531.4,18,16.2,uiortholora_trAll_sv256_svec0_lr8e-3
google_gemma-3-12b-it_scores-uiortholora.jsonl,uiortholora,8e-3,256,256.0,128.0,,10938,0.7298134942402633,1578,1569.3,20,17.999999999999996,uiortholora_trAll_sv256_svec128_lr8e-3
google_gemma-3-12b-it_scores-uiortholora.jsonl,uiortholora,8e-3,256,256.0,256.0,,10938,0.7575333699030901,1559,1549.7,16,14.4,uiortholora_trAll_sv256_svec256_lr8e-3
google_gemma-3-12b-it_scores-uiortholora.jsonl,uiortholora,8e-3,256,256.0,32.0,,10938,0.7332601938197112,1640,1630.4,22,19.799999999999994,uiortholora_trAll_sv256_svec32_lr8e-3
google_gemma-3-12b-it_scores-uiortholora.jsonl,uiortholora,8e-3,256,256.0,512.0,,10938,,0,0.0,0,0.0,uiortholora_trAll_sv256_svec512_lr8e-3
google_gemma-3-12b-it_scores-uiortholora.jsonl,uiortholora,8e-3,256,256.0,64.0,,10938,0.7438379959773268,1621,1611.0,17,15.3,uiortholora_trAll_sv256_svec64_lr8e-3
google_gemma-3-12b-it_scores-uiortholora.jsonl,uiortholora,8e-3,512,512.0,0.0,,10938,0.7055494605960869,1579,1567.3000000000002,20,17.999999999999996,uiortholora_trAll_sv512_svec0_lr8e-3
google_gemma-3-12b-it_scores-uiortholora.jsonl,uiortholora,8e-3,512,512.0,128.0,,10938,0.7250137136588042,1598,1588.5,17,15.3,uiortholora_trAll_sv512_svec128_lr8e-3
google_gemma-3-12b-it_scores-uiortholora.jsonl,uiortholora,8e-3,512,512.0,256.0,,10938,0.7503291278113001,1552,1542.0,20,17.999999999999996,uiortholora_trAll_sv512_svec256_lr8e-3
google_gemma-3-12b-it_scores-uiortholora.jsonl,uiortholora,8e-3,512,512.0,32.0,,10938,0.7409946973852624,1660,1651.6,21,18.899999999999995,uiortholora_trAll_sv512_svec32_lr8e-3
google_gemma-3-12b-it_scores-uiortholora.jsonl,uiortholora,8e-3,512,512.0,512.0,,10938,0.8039312488571952,1520,1511.1,22,19.799999999999994,uiortholora_trAll_sv512_svec512_lr8e-3
google_gemma-3-12b-it_scores-uiortholora.jsonl,uiortholora,8e-3,512,512.0,64.0,,10938,0.7275918815139879,1604,1594.4,18,16.2,uiortholora_trAll_sv512_svec64_lr8e-3
google_gemma-3-12b-it_scores-uiortholora.jsonl,uiortholora,9e-3,1024,1024.0,0.0,,10938,0.9935271530444323,1689,1679.4,23,20.699999999999992,google_gemma-3-12b-it_uiortholora_trAll_s1024_v0_lr9e-3
google_gemma-3-12b-it_scores-uiortholora.jsonl,uiortholora,9e-3,1024,1024.0,10.0,,10938,0.9926951910769793,1629,1620.9,23,20.699999999999992,google_gemma-3-12b-it_uiortholora_trAll_s1024_v10_lr9e-3
google_gemma-3-12b-it_scores-uiortholora.jsonl,uiortholora,9e-3,1024,1024.0,128.0,,10938,0.9947339550191993,1636,1627.7999999999997,19,17.099999999999998,google_gemma-3-12b-it_uiortholora_trAll_s1024_v128_lr9e-3
google_gemma-3-12b-it_scores-uiortholora.jsonl,uiortholora,9e-3,1024,1024.0,256.0,,10938,0.9934357286524045,1634,1623.6,23,20.699999999999992,google_gemma-3-12b-it_uiortholora_trAll_s1024_v256_lr9e-3
google_gemma-3-12b-it_scores-uiortholora.jsonl,uiortholora,9e-3,1024,1024.0,32.0,,10938,0.994322545255074,1590,1581.6000000000001,23,20.699999999999992,google_gemma-3-12b-it_uiortholora_trAll_s1024_v32_lr9e-3
google_gemma-3-12b-it_scores-uiortholora.jsonl,uiortholora,9e-3,1024,1024.0,3.0,,10938,0.9943773998902907,1659,1649.8000000000002,19,17.099999999999998,google_gemma-3-12b-it_uiortholora_trAll_s1024_v3_lr9e-3
google_gemma-3-12b-it_scores-uiortholora.jsonl,uiortholora,9e-3,1024,1024.0,512.0,,10938,0.9934448710916072,1633,1624.3,24,21.6,google_gemma-3-12b-it_uiortholora_trAll_s1024_v512_lr9e-3
google_gemma-3-12b-it_scores-uiortholora.jsonl,uiortholora,9e-3,1024,1024.0,64.0,,10938,0.9934997257268239,1621,1610.6999999999998,24,21.6,google_gemma-3-12b-it_uiortholora_trAll_s1024_v64_lr9e-3
google_gemma-3-12b-it_scores-uiortholora.jsonl,uiortholora,9e-3,256,256.0,0.0,,10938,0.9950996525873103,1656,1646.4999999999998,20,17.999999999999996,google_gemma-3-12b-it_uiortholora_trAll_s256_v0_lr9e-3
google_gemma-3-12b-it_scores-uiortholora.jsonl,uiortholora,9e-3,256,256.0,128.0,,10938,0.9939294203693544,1676,1665.8999999999999,20,17.999999999999996,google_gemma-3-12b-it_uiortholora_trAll_s256_v128_lr9e-3
google_gemma-3-12b-it_scores-uiortholora.jsonl,uiortholora,9e-3,256,256.0,3.0,,10938,0.9939202779301518,1658,1649.1000000000001,25,22.5,google_gemma-3-12b-it_uiortholora_trAll_s256_v3_lr9e-3
google_gemma-3-12b-it_scores-uiortholora.jsonl,uiortholora,9e-3,256,256.0,64.0,,10938,0.9927774730298043,1661,1651.9,21,18.899999999999995,google_gemma-3-12b-it_uiortholora_trAll_s256_v64_lr9e-3
google_gemma-3-12b-it_scores-uiortholora.jsonl,uiortholora,9e-3,256,256.0,96.0,,10938,0.9941854086670323,1627,1617.7,20,17.999999999999996,google_gemma-3-12b-it_uiortholora_trAll_s256_v96_lr9e-3
google_gemma-3-12b-it_scores-uiortholora.jsonl,uiortholora,9e-3,512,512.0,0.0,,10938,0.9935454379228378,1613,1603.8,20,17.999999999999996,google_gemma-3-12b-it_uiortholora_trAll_s512_v0_lr9e-3
google_gemma-3-12b-it_scores-uiortholora.jsonl,uiortholora,9e-3,512,512.0,128.0,,10938,,0,0.0,0,0.0,google_gemma-3-12b-it_uiortholora_trAll_s512_v128_lr9e-3
google_gemma-3-12b-it_scores-uiortholora.jsonl,uiortholora,9e-3,512,512.0,3.0,,10938,0.9941305540318156,1628,1618.6999999999998,22,19.799999999999994,google_gemma-3-12b-it_uiortholora_trAll_s512_v3_lr9e-3
google_gemma-3-12b-it_scores-uiortholora.jsonl,uiortholora,9e-3,512,512.0,64.0,,10938,,0,0.0,0,0.0,google_gemma-3-12b-it_uiortholora_trAll_s512_v64_lr9e-3
google_gemma-3-12b-it_scores-uiortholora.jsonl,uiortholora,9e-3,512,512.0,96.0,,10938,,0,0.0,0,0.0,google_gemma-3-12b-it_uiortholora_trAll_s512_v96_lr9e-3
google_gemma-3-12b-it_scores-vera.jsonl,vera,1e-2,1024,,,,10938,0.9958127628451271,1989,1979.1,22,19.799999999999994,google_gemma-3-12b-it_vera_trAll_vera_r1024_lr1e-2
google_gemma-3-12b-it_scores-vera.jsonl,vera,1e-3,1024,,,,10938,0.36706893399158896,1127,1110.2,16,14.4,google_gemma-3-12b-it_vera_trAll_vera_r1024_lr1e-3
google_gemma-3-12b-it_scores-vera.jsonl,vera,1e-4,1024,,,,10938,0.10904187237154873,502,486.1,10,9.0,google_gemma-3-12b-it_vera_trAll_vera_r1024_lr1e-4
google_gemma-3-12b-it_scores-vera.jsonl,vera,1e-5,1024,,,,10938,0.05725909672700676,454,449.90000000000003,19,17.099999999999998,google_gemma-3-12b-it_vera_trAll_vera_r1024_lr1e-5
google_gemma-3-12b-it_scores-vera.jsonl,vera,1e-6,1024,,,,10938,0.04471567014079356,639,634.2,17,15.3,google_gemma-3-12b-it_vera_trAll_vera_r1024_lr1e-6
google_gemma-3-12b-it_scores-vera.jsonl,vera,5e-3,1024,,,,10938,0.982931066008411,1632,1623.7,24,21.6,google_gemma-3-12b-it_vera_trAll_vera_r1024_lr5e-3
google_gemma-3-12b-it_scores-vera.jsonl,vera,5e-4,1024,,,,10938,0.18039861034924115,632,612.7,9,8.1,google_gemma-3-12b-it_vera_trAll_vera_r1024_lr5e-4
google_gemma-3-12b-it_scores-vera.jsonl,vera,5e-5,1024,,,,10938,0.09931431705979157,497,482.1,14,12.600000000000001,google_gemma-3-12b-it_vera_trAll_vera_r1024_lr5e-5
google_gemma-3-12b-it_scores-vera.jsonl,vera,7e-3,1024,,,,10938,0.9926677637593709,1771,1761.1,19,17.099999999999998,google_gemma-3-12b-it_vera_trAll_vera_r1024_lr7e-3
google_gemma-3-12b-it_scores-vera.jsonl,vera,7e-4,1024,,,,10938,0.24420369354543794,755,739.1000000000001,11,9.9,google_gemma-3-12b-it_vera_trAll_vera_r1024_lr7e-4
google_gemma-3-12b-it_scores-vera.jsonl,vera,7e-5,1024,,,,10938,0.10400438837081735,503,487.9,12,10.8,google_gemma-3-12b-it_vera_trAll_vera_r1024_lr7e-5
