family,method,method_cell,ref_cell,mode,d_adapt,t_adapt,df_adapt,p_adapt,lo_adapt,hi_adapt,d_ret,t_ret,df_ret,p_ret,lo_ret,hi_ret,p_ret_holm_family,p_ret_holm_all,p_adapt_holm_family,p_adapt_holm_all,ret_verdict_holm,adapt_verdict_holm
llama_cs,SC-LoRA,5e-5,5e-4,paired(n=3),-1.19,-8.2053,2,0.0145,-1.814,-0.566,-1.33,-1.5121,2,0.2696,-5.1145,2.4545,0.2696,1.0,0.0291,0.2325,n.s.,n.s.
llama_cs,LoRA,3e-4,5e-4,paired(n=4),-2.58,-15.3501,3,0.0006,-3.1149,-2.0451,-2.0,-4.7318,3,0.0179,-3.3451,-0.6549,0.0451,0.2684,0.0018,0.0132,n.s.,WORSE
llama_cs,LoRA-Null,5e-4,5e-4,paired(n=4),-2.885,-35.3118,3,0.0,-3.145,-2.625,-4.0975,-5.5948,3,0.0113,-6.4282,-1.7668,0.0451,0.2256,0.0002,0.0012,n.s.,WORSE
llama_cs,CLoRA,5e-4 k1024,5e-4,paired(n=4),-3.46,-38.2482,3,0.0,-3.7479,-3.1721,-4.255,-11.3988,3,0.0014,-5.443,-3.067,0.0087,0.0348,0.0002,0.001,WORSE,WORSE
llama_cs,DoRA,5e-4,5e-4,paired(n=3),-5.57,-6.4531,2,0.0232,-9.2838,-1.8562,-6.7767,-8.9222,2,0.0123,-10.0446,-3.5087,0.0451,0.2256,0.0291,0.3246,n.s.,n.s.
llama_cs,MiLoRA,5e-4,5e-4,paired(n=4),-4.5575,-22.668,3,0.0002,-5.1973,-3.9177,-4.425,-8.4668,3,0.0035,-6.0882,-2.7618,0.0173,0.0796,0.0008,0.0043,n.s.,WORSE
llama_math,LoRA,1e-4,2e-4,paired(n=3),-2.8067,-4.9488,2,0.0385,-5.2469,-0.3665,-2.28,-3.4151,2,0.0761,-5.1526,0.5926,0.1522,0.6848,0.077,0.4619,n.s.,n.s.
llama_math,MiLoRA,1e-4,2e-4,paired(n=3),-3.11,-3.5529,2,0.0709,-6.8763,0.6563,-1.1333,-2.0866,2,0.1722,-3.4703,1.2036,0.1722,1.0,0.077,0.7799,n.s.,n.s.
llama_math,CLoRA,3e-4 k256,2e-4,paired(n=3),-6.14,-26.1731,2,0.0015,-7.1494,-5.1306,-4.94,-9.1061,2,0.0118,-7.2742,-2.6058,0.0592,0.2256,0.0087,0.0306,n.s.,WORSE
llama_math,SC-LoRA,1e-4,2e-4,paired(n=3),-6.32,-8.4674,2,0.0137,-9.5315,-3.1085,-5.6333,-6.4718,2,0.0231,-9.3786,-1.8881,0.0922,0.3018,0.0546,0.2323,n.s.,n.s.
llama_math,DoRA,3e-4,2e-4,paired(n=3),-7.6067,-10.3011,2,0.0093,-10.7839,-4.4295,-5.4867,-6.127,2,0.0256,-9.3397,-1.6337,0.0922,0.3074,0.0465,0.1859,n.s.,n.s.
llama_math,LoRA-Null,2e-4,2e-4,paired(n=3),-4.93,-6.9882,2,0.0199,-7.9654,-1.8946,-4.6767,-10.1409,2,0.0096,-6.6609,-2.6924,0.0575,0.2013,0.0596,0.298,n.s.,n.s.
llama_math,PiSSA,3e-4,2e-4,welch(1v3),-17.1333,,0,,,,-26.3433,,0,,,,,,,,n.t.,n.t.
qwen_cs,SC-LoRA,1e-4,5e-4,paired(n=3),-0.2867,-1.9903,2,0.1848,-0.9064,0.333,-12.22,-1.3847,2,0.3004,-50.1922,25.7522,0.3004,1.0,0.7393,1.0,n.s.,n.s.
qwen_cs,LoRA,5e-5,5e-4,paired(n=3),-1.0033,-9.7097,2,0.0104,-1.4479,-0.5587,-2.1167,-6.6998,2,0.0216,-3.476,-0.7573,0.0862,0.3018,0.0626,0.1984,n.s.,n.s.
qwen_cs,LoRA-Null,2e-4,5e-4,paired(n=3),-1.2033,-1.1752,2,0.3609,-5.6089,3.2022,-1.12,-3.859,2,0.0611,-2.3688,0.1288,0.1221,0.6106,0.7393,1.0,n.s.,n.s.
qwen_cs,CLoRA,1e-4 k1024,5e-4,paired(n=3),-0.3733,-2.3074,2,0.1474,-1.0695,0.3228,-0.9533,-4.8643,2,0.0398,-1.7966,-0.1101,0.1193,0.4374,0.737,1.0,n.s.,n.s.
qwen_cs,DoRA,2e-4,5e-4,paired(n=3),-0.9933,-1.8203,2,0.2103,-3.3412,1.3546,-2.02,-7.9089,2,0.0156,-3.1189,-0.9211,0.0781,0.2593,0.7393,1.0,n.s.,n.s.
qwen_cs,MiLoRA,2e-4,5e-4,paired(n=3),-1.11,-1.5068,2,0.2709,-4.2797,2.0597,-3.41,-10.7708,2,0.0085,-4.7722,-2.0478,0.0511,0.1872,0.7393,1.0,n.s.,n.s.
qwen_math,SC-LoRA,5e-5,3e-4,paired(n=3),8.2633,5.1845,2,0.0352,1.4055,15.1212,0.17,0.5601,2,0.6318,-1.136,1.476,0.8773,1.0,0.2115,0.4582,n.s.,n.s.
qwen_math,LoRA,1e-4,3e-4,paired(n=3),-5.4833,-1.3346,2,0.3137,-23.1614,12.1947,-1.4433,-1.4861,2,0.2756,-5.6221,2.7354,0.8773,1.0,1.0,1.0,n.s.,n.s.
qwen_math,LoRA(r32),5e-4,3e-4,paired(n=2),0.305,0.1491,1,0.9057,-25.6792,26.2892,-5.755,-2.7869,1,0.2193,-31.9933,20.4833,0.8773,1.0,1.0,1.0,n.s.,n.s.
qwen_math,LoRA-Null,1e-3,3e-4,paired(n=3),3.36,2.0455,2,0.1775,-3.7077,10.4277,-2.7733,-8.0044,2,0.0153,-4.2641,-1.2826,0.0915,0.2593,0.8873,1.0,n.s.,n.s.
qwen_math,CLoRA,1e-3 k1024,3e-4,paired(n=3),1.49,0.7872,2,0.5136,-6.6539,9.6339,-7.5567,-32.5154,2,0.0009,-8.5566,-6.5567,0.0066,0.0236,1.0,1.0,WORSE,n.s.
qwen_math,DoRA,2e-4,3e-4,paired(n=2),-5.795,-0.9265,1,0.5243,-85.2723,73.6823,-1.675,-6.0909,1,0.1036,-5.1692,1.8192,0.518,0.8288,1.0,1.0,n.s.,n.s.
qwen_math,MiLoRA,2e-4,3e-4,paired(n=3),-3.6133,-8.8852,2,0.0124,-5.3631,-1.8636,-1.38,-1.4836,2,0.2762,-5.3822,2.6222,0.8773,1.0,0.087,0.2238,n.s.,n.s.
