run_name,task,model,adapter,seed,lambda_E_mix,lambda_D_mix,layer_name,mu_E,nu_D,M_E_fro,M_D_fro,RelPert_F,RelPert_2,Leak11,Leak12,Leak21,Leak11_F,Leak12_F,Leak21_F,OffTailRatio_2,OffTailRatio_F,Drift_U,Drift_V,SVDrift
A_no_reg_seed42,mrpc_lin,roberta-base,uiortholora,42,0.0,0.0,base_model.model.roberta.encoder.layer.0.attention.self.query,1.149128794670105,1.138919472694397,7.555689334869385,8.298043251037598,0.12753649055957794,0.1613755077123642,0.7449549436569214,0.5245270133018494,0.4750119745731354,0.6803561449050903,0.4755171537399292,0.45568913221359253,0.9456154108047485,0.9468004107475281,0.9807578921318054,0.9866704344749451,0.025367340072989464
A_no_reg_seed42,mrpc_lin,roberta-base,uiortholora,42,0.0,0.0,base_model.model.roberta.encoder.layer.0.attention.self.key,1.1267961263656616,1.1572284698486328,7.518187999725342,7.748378276824951,0.12042208015918732,0.13032075762748718,0.7454231977462769,0.5361060500144958,0.5027303099632263,0.6909543871879578,0.46926388144493103,0.4530797600746155,0.9399096369743347,0.95009845495224,0.9957065582275391,0.9963127374649048,0.035745587199926376
A_no_reg_seed42,mrpc_lin,roberta-base,uiortholora,42,0.0,0.0,base_model.model.roberta.encoder.layer.0.attention.self.value,1.0055080652236938,0.979559063911438,6.8569793701171875,7.004615306854248,0.26420122385025024,0.37877553701400757,0.7522494196891785,0.530584454536438,0.5484285354614258,0.6899110674858093,0.4667685329914093,0.45634031295776367,0.9485784769058228,0.9496721029281616,0.9994612336158752,0.9987888336181641,0.08683854341506958
A_no_reg_seed42,mrpc_lin,roberta-base,uiortholora,42,0.0,0.0,base_model.model.roberta.encoder.layer.0.attention.output.dense,1.1708204746246338,1.2373343706130981,7.48544454574585,7.828996658325195,0.30744853615760803,0.21684733033180237,0.6893144845962524,0.534103512763977,0.5191454291343689,0.6645934581756592,0.47300535440444946,0.4733445346355438,0.914757490158081,0.94300377368927,0.9998534917831421,0.999994695186615,0.10785982757806778
A_no_reg_seed42,mrpc_lin,roberta-base,uiortholora,42,0.0,0.0,base_model.model.roberta.encoder.layer.1.attention.self.query,1.1687978506088257,1.092397928237915,8.176909446716309,8.778556823730469,0.20191307365894318,0.13916334509849548,0.7421338558197021,0.5282384157180786,0.5315519571304321,0.6832997798919678,0.47317221760749817,0.4567180275917053,0.9461427330970764,0.9482457041740417,0.9986976981163025,0.9983829855918884,0.05423916131258011
A_no_reg_seed42,mrpc_lin,roberta-base,uiortholora,42,0.0,0.0,base_model.model.roberta.encoder.layer.1.attention.self.key,1.221154808998108,1.113142967224121,8.522785186767578,8.602349281311035,0.21095483005046844,0.1956239491701126,0.7151682376861572,0.5617548823356628,0.5601357817649841,0.6670776605606079,0.4797263741493225,0.46219709515571594,0.9253242611885071,0.9426237940788269,0.9995117783546448,0.9991409182548523,0.06148243695497513
A_no_reg_seed42,mrpc_lin,roberta-base,uiortholora,42,0.0,0.0,base_model.model.roberta.encoder.layer.1.attention.self.value,1.004435420036316,1.0047595500946045,6.67598819732666,7.399294853210449,0.24236659705638885,0.27825888991355896,0.7251198887825012,0.5178824067115784,0.5291728973388672,0.6937790513038635,0.46738794445991516,0.45472654700279236,0.9195582270622253,0.952012300491333,0.9999901056289673,0.9993910193443298,0.07818365097045898
A_no_reg_seed42,mrpc_lin,roberta-base,uiortholora,42,0.0,0.0,base_model.model.roberta.encoder.layer.1.attention.output.dense,1.1428780555725098,1.3069918155670166,7.5377936363220215,8.135190963745117,0.34132593870162964,0.35237154364585876,0.7115288376808167,0.5373136401176453,0.4913623631000519,0.6856721043586731,0.46715500950813293,0.4603312015533447,0.9300512671470642,0.9487175941467285,0.9999776482582092,0.9999819397926331,0.14754736423492432
A_no_reg_seed42,mrpc_lin,roberta-base,uiortholora,42,0.0,0.0,base_model.model.roberta.encoder.layer.2.attention.self.query,1.1517760753631592,1.296485424041748,7.939284801483154,8.812932968139648,0.22335562109947205,0.15762890875339508,0.7156941890716553,0.4983570873737335,0.5149771571159363,0.6881023049354553,0.4744130074977875,0.45037463307380676,0.9297133684158325,0.9492996335029602,0.9995007514953613,0.9995949864387512,0.07676184922456741
A_no_reg_seed42,mrpc_lin,roberta-base,uiortholora,42,0.0,0.0,base_model.model.roberta.encoder.layer.2.attention.self.key,1.2325154542922974,1.1969870328903198,8.257928848266602,8.240540504455566,0.2140437811613083,0.25023531913757324,0.7444010376930237,0.49964025616645813,0.4882603883743286,0.6858699917793274,0.4767970144748688,0.45130905508995056,0.9436565637588501,0.9493195414543152,0.9991077184677124,0.9990265369415283,0.06490860134363174
A_no_reg_seed42,mrpc_lin,roberta-base,uiortholora,42,0.0,0.0,base_model.model.roberta.encoder.layer.2.attention.self.value,1.151253581047058,1.2530802488327026,7.208332538604736,7.741642951965332,0.2601710855960846,0.33839377760887146,0.7500642538070679,0.48296141624450684,0.5196165442466736,0.6875211000442505,0.463735431432724,0.4621052145957947,0.9452686905860901,0.949240505695343,0.9999369382858276,0.9999234080314636,0.10672220587730408
A_no_reg_seed42,mrpc_lin,roberta-base,uiortholora,42,0.0,0.0,base_model.model.roberta.encoder.layer.2.attention.output.dense,1.0312650203704834,1.3929764032363892,7.3304853439331055,8.44936466217041,0.344932496547699,0.4205329716205597,0.7371787428855896,0.5166994333267212,0.4810069501399994,0.6936580538749695,0.475460410118103,0.4453665316104889,0.9406192302703857,0.9514970779418945,0.9994261860847473,0.9999850988388062,0.113629549741745
A_no_reg_seed42,mrpc_lin,roberta-base,uiortholora,42,0.0,0.0,base_model.model.roberta.encoder.layer.3.attention.self.query,1.534988522529602,1.368994116783142,9.230182647705078,9.767395973205566,0.260366827249527,0.21003784239292145,0.7163089513778687,0.5222762227058411,0.45397040247917175,0.6774649024009705,0.48590394854545593,0.4497877061367035,0.9315110445022583,0.9471770524978638,0.9982776045799255,0.9987063407897949,0.0856955349445343
A_no_reg_seed42,mrpc_lin,roberta-base,uiortholora,42,0.0,0.0,base_model.model.roberta.encoder.layer.3.attention.self.key,1.335831642150879,1.5640771389007568,9.732768058776855,9.584371566772461,0.2917710244655609,0.3595312237739563,0.6922246813774109,0.510617733001709,0.5625574588775635,0.6653186082839966,0.4703691601753235,0.4722115993499756,0.9170262217521667,0.9416279792785645,0.9998559355735779,0.9995406866073608,0.09530257433652878
A_no_reg_seed42,mrpc_lin,roberta-base,uiortholora,42,0.0,0.0,base_model.model.roberta.encoder.layer.3.attention.self.value,1.090248942375183,1.3039132356643677,8.024216651916504,8.143733978271484,0.2857581377029419,0.24417950212955475,0.743375301361084,0.6233551502227783,0.5341716408729553,0.6819100379943848,0.46515175700187683,0.4658818542957306,0.9393799304962158,0.9477289915084839,0.9996712803840637,0.9998997449874878,0.11116849631071091
A_no_reg_seed42,mrpc_lin,roberta-base,uiortholora,42,0.0,0.0,base_model.model.roberta.encoder.layer.3.attention.output.dense,1.1655305624008179,1.102782130241394,6.718785285949707,8.0194730758667,0.29665815830230713,0.389312207698822,0.7870692014694214,0.5470303893089294,0.557263195514679,0.6881827712059021,0.4803565442562103,0.44583556056022644,0.9649179577827454,0.9502081274986267,0.9999446272850037,0.9991174340248108,0.12434906512498856
A_no_reg_seed42,mrpc_lin,roberta-base,uiortholora,42,0.0,0.0,base_model.model.roberta.encoder.layer.4.attention.self.query,1.491804838180542,2.0390841960906982,9.649075508117676,10.703062057495117,0.2914997935295105,0.23000559210777283,0.6483902931213379,0.5817967653274536,0.4410255551338196,0.6768122911453247,0.48112401366233826,0.4544318914413452,0.8966137170791626,0.9464864134788513,0.9993849992752075,0.9991593956947327,0.1141260489821434
A_no_reg_seed42,mrpc_lin,roberta-base,uiortholora,42,0.0,0.0,base_model.model.roberta.encoder.layer.4.attention.self.key,1.5035876035690308,1.5145626068115234,10.23264217376709,10.312509536743164,0.3090542256832123,0.3462819457054138,0.6765431761741638,0.5505254864692688,0.5467133522033691,0.6648816466331482,0.4776841104030609,0.4672327935695648,0.9018638730049133,0.9425176978111267,0.9990506768226624,0.9999980330467224,0.12047135829925537
A_no_reg_seed42,mrpc_lin,roberta-base,uiortholora,42,0.0,0.0,base_model.model.roberta.encoder.layer.4.attention.self.value,1.0828951597213745,1.5010861158370972,7.774453163146973,7.998205661773682,0.2717994451522827,0.2701980173587799,0.7494286894798279,0.5838034152984619,0.5390598177909851,0.6916241645812988,0.4461868405342102,0.4768873453140259,0.940154492855072,0.9511200785636902,0.9996231198310852,0.9997338056564331,0.11772363632917404
A_no_reg_seed42,mrpc_lin,roberta-base,uiortholora,42,0.0,0.0,base_model.model.roberta.encoder.layer.4.attention.output.dense,0.998586893081665,1.2137917280197144,6.4823737144470215,8.294915199279785,0.3044334053993225,0.3664306402206421,0.7524077296257019,0.5494210720062256,0.6246439814567566,0.6922009587287903,0.4781284034252167,0.44355571269989014,0.9541353583335876,0.9509307146072388,0.9999200105667114,0.9999984502792358,0.13480980694293976
A_no_reg_seed42,mrpc_lin,roberta-base,uiortholora,42,0.0,0.0,base_model.model.roberta.encoder.layer.5.attention.self.query,1.240912675857544,1.372154951095581,9.136364936828613,9.651103973388672,0.268100380897522,0.16138151288032532,0.7290174961090088,0.523775577545166,0.5595002770423889,0.6842098236083984,0.46964961290359497,0.4586593806743622,0.9406750202178955,0.9480792880058289,0.9999250173568726,0.9999968409538269,0.09611615538597107
A_no_reg_seed42,mrpc_lin,roberta-base,uiortholora,42,0.0,0.0,base_model.model.roberta.encoder.layer.5.attention.self.key,1.6782628297805786,1.4227750301361084,10.139780044555664,10.230520248413086,0.3335703909397125,0.4609806537628174,0.7087809443473816,0.4636858105659485,0.5273414254188538,0.6767982244491577,0.46505165100097656,0.46880924701690674,0.9269187450408936,0.9454572200775146,0.999989926815033,0.9999138116836548,0.13232164084911346
A_no_reg_seed42,mrpc_lin,roberta-base,uiortholora,42,0.0,0.0,base_model.model.roberta.encoder.layer.5.attention.self.value,1.000978946685791,1.1422407627105713,6.947033405303955,8.430606842041016,0.23690058290958405,0.3017890453338623,0.7474564909934998,0.5227252840995789,0.5622554421424866,0.6953402161598206,0.4490688443183899,0.4713937044143677,0.9453579187393188,0.9524422883987427,0.9998029470443726,0.9992719888687134,0.08192609995603561
A_no_reg_seed42,mrpc_lin,roberta-base,uiortholora,42,0.0,0.0,base_model.model.roberta.encoder.layer.5.attention.output.dense,0.9778375029563904,1.1853175163269043,6.786386966705322,8.782090187072754,0.32847848534584045,0.3531430661678314,0.7707905173301697,0.5844764113426208,0.6007391810417175,0.689564049243927,0.4805028438568115,0.4428834915161133,0.9673916101455688,0.9498996734619141,0.9995823502540588,0.9999276995658875,0.16364797949790955
A_no_reg_seed42,mrpc_lin,roberta-base,uiortholora,42,0.0,0.0,base_model.model.roberta.encoder.layer.6.attention.self.query,1.5356202125549316,1.397214651107788,10.513347625732422,9.844480514526367,0.32424071431159973,0.424746572971344,0.7128293514251709,0.475533664226532,0.5193880200386047,0.6829301714897156,0.463691383600235,0.46617621183395386,0.9279377460479736,0.9478968977928162,1.0,0.999993085861206,0.14461737871170044
A_no_reg_seed42,mrpc_lin,roberta-base,uiortholora,42,0.0,0.0,base_model.model.roberta.encoder.layer.6.attention.self.key,1.5636659860610962,1.3934441804885864,10.329827308654785,9.824319839477539,0.33522966504096985,0.45232102274894714,0.727893590927124,0.526921808719635,0.5004996061325073,0.6843354105949402,0.46881037950515747,0.4587298333644867,0.9338418841362,0.9477941393852234,0.9989405274391174,0.9999857544898987,0.15690794587135315
A_no_reg_seed42,mrpc_lin,roberta-base,uiortholora,42,0.0,0.0,base_model.model.roberta.encoder.layer.6.attention.self.value,1.3855212926864624,1.1349661350250244,7.587701320648193,8.76718807220459,0.26489272713661194,0.4453149139881134,0.7389256954193115,0.4877539873123169,0.5202255249023438,0.6883077621459961,0.456825315952301,0.4693989157676697,0.9327512979507446,0.9500411152839661,0.9998340606689453,0.9995328187942505,0.09516865015029907
A_no_reg_seed42,mrpc_lin,roberta-base,uiortholora,42,0.0,0.0,base_model.model.roberta.encoder.layer.6.attention.output.dense,1.111984372138977,1.2275949716567993,7.696567058563232,8.218207359313965,0.335094153881073,0.2685534954071045,0.7677938938140869,0.5475859045982361,0.5272406339645386,0.695260763168335,0.46989110112190247,0.4447806477546692,0.9550442695617676,0.9496287703514099,0.9996446371078491,0.9999101161956787,0.10056927055120468
A_no_reg_seed42,mrpc_lin,roberta-base,uiortholora,42,0.0,0.0,base_model.model.roberta.encoder.layer.7.attention.self.query,1.7512425184249878,1.4443663358688354,8.95063591003418,10.51052474975586,0.2695300877094269,0.3920067250728607,0.674335777759552,0.47397398948669434,0.530396580696106,0.6838831901550293,0.46997907757759094,0.4580489695072174,0.9125919342041016,0.9477179646492004,0.9999136328697205,0.9999004006385803,0.09651128202676773
A_no_reg_seed42,mrpc_lin,roberta-base,uiortholora,42,0.0,0.0,base_model.model.roberta.encoder.layer.7.attention.self.key,1.4372974634170532,1.3709641695022583,9.680614471435547,9.56307315826416,0.27805715799331665,0.3064959943294525,0.7067319750785828,0.5434592962265015,0.5372496247291565,0.6726933121681213,0.4720532298088074,0.4659290015697479,0.9129406213760376,0.9445690512657166,0.9999514818191528,0.9995325803756714,0.1251211017370224
A_no_reg_seed42,mrpc_lin,roberta-base,uiortholora,42,0.0,0.0,base_model.model.roberta.encoder.layer.7.attention.self.value,1.1236423254013062,1.282551646232605,7.967660427093506,8.839401245117188,0.3594287633895874,0.4619491696357727,0.7474618554115295,0.5369427800178528,0.5126283764839172,0.6996988654136658,0.4512454569339752,0.46186256408691406,0.942986011505127,0.9519900679588318,0.9998752474784851,0.9999939203262329,0.13153482973575592
A_no_reg_seed42,mrpc_lin,roberta-base,uiortholora,42,0.0,0.0,base_model.model.roberta.encoder.layer.7.attention.output.dense,1.1083511114120483,1.3546597957611084,7.545547008514404,8.230113983154297,0.4175310730934143,0.4920147657394409,0.7217333912849426,0.4792633056640625,0.5142234563827515,0.7062234878540039,0.4746115505695343,0.42908337712287903,0.9274306893348694,0.9528355002403259,0.9999842047691345,0.9999920129776001,0.11984662711620331
A_no_reg_seed42,mrpc_lin,roberta-base,uiortholora,42,0.0,0.0,base_model.model.roberta.encoder.layer.8.attention.self.query,1.2878749370574951,1.5368378162384033,7.913421154022217,10.308571815490723,0.2533800005912781,0.27108263969421387,0.7088161706924438,0.5091253519058228,0.496514230966568,0.6799092888832092,0.4677315056324005,0.46508821845054626,0.924454391002655,0.9471734762191772,0.9997742176055908,0.9999999403953552,0.09228228777647018
A_no_reg_seed42,mrpc_lin,roberta-base,uiortholora,42,0.0,0.0,base_model.model.roberta.encoder.layer.8.attention.self.key,1.260640263557434,1.4508798122406006,8.656824111938477,8.976442337036133,0.249980166554451,0.3099270164966583,0.7006772756576538,0.5283750295639038,0.5131296515464783,0.6775834560394287,0.46531254053115845,0.46927475929260254,0.9210463762283325,0.9463796615600586,0.9999737739562988,0.9981350898742676,0.1001465693116188
A_no_reg_seed42,mrpc_lin,roberta-base,uiortholora,42,0.0,0.0,base_model.model.roberta.encoder.layer.8.attention.self.value,1.0828697681427002,1.2383110523223877,6.902651786804199,9.205817222595215,0.3111576437950134,0.38586100935935974,0.707857608795166,0.5531584024429321,0.44241949915885925,0.6999005079269409,0.4823888838291168,0.4338109493255615,0.9270492792129517,0.9542151689529419,0.9997200965881348,0.9994214177131653,0.08151619881391525
A_no_reg_seed42,mrpc_lin,roberta-base,uiortholora,42,0.0,0.0,base_model.model.roberta.encoder.layer.8.attention.output.dense,1.0475624799728394,0.9562999606132507,7.414859294891357,6.834933280944824,0.30997002124786377,0.3088495135307312,0.7421879768371582,0.5798504948616028,0.47488388419151306,0.6898593306541443,0.4724408984184265,0.454660564661026,0.9545451402664185,0.9516282677650452,0.9993452429771423,0.9990552067756653,0.09950138628482819
A_no_reg_seed42,mrpc_lin,roberta-base,uiortholora,42,0.0,0.0,base_model.model.roberta.encoder.layer.9.attention.self.query,1.253806710243225,1.3884434700012207,9.268841743469238,10.362088203430176,0.3074105978012085,0.23927758634090424,0.7394334673881531,0.5499014854431152,0.5070036053657532,0.6768426299095154,0.4738421142101288,0.4601093530654907,0.940162718296051,0.9455796480178833,0.9998674392700195,0.9999586343765259,0.1540798544883728
A_no_reg_seed42,mrpc_lin,roberta-base,uiortholora,42,0.0,0.0,base_model.model.roberta.encoder.layer.9.attention.self.key,1.597793698310852,1.4992579221725464,9.57917308807373,10.253278732299805,0.3265917897224426,0.42184996604919434,0.6342982053756714,0.5101022720336914,0.5648005604743958,0.661634624004364,0.47328758239746094,0.47152450680732727,0.884364664554596,0.9401463270187378,0.9999994039535522,0.9995736479759216,0.15876637399196625
A_no_reg_seed42,mrpc_lin,roberta-base,uiortholora,42,0.0,0.0,base_model.model.roberta.encoder.layer.9.attention.self.value,0.9894853830337524,1.1466082334518433,6.511496067047119,7.455249309539795,0.23836828768253326,0.2293025702238083,0.7321087718009949,0.5326947569847107,0.47485774755477905,0.692982017993927,0.4614618122577667,0.4591154158115387,0.9419257640838623,0.950648307800293,0.999699056148529,0.9994239211082458,0.05141420662403107
A_no_reg_seed42,mrpc_lin,roberta-base,uiortholora,42,0.0,0.0,base_model.model.roberta.encoder.layer.9.attention.output.dense,1.098569631576538,1.035115122795105,7.4996562004089355,7.25908899307251,0.3222382366657257,0.2859135568141937,0.7941094636917114,0.5197261571884155,0.5146929025650024,0.6840015053749084,0.4696570932865143,0.4607125222682953,0.9640666842460632,0.9489266276359558,0.9950600266456604,0.9972124099731445,0.0939846932888031
A_no_reg_seed42,mrpc_lin,roberta-base,uiortholora,42,0.0,0.0,base_model.model.roberta.encoder.layer.10.attention.self.query,1.3875406980514526,1.462674617767334,9.131101608276367,9.87580394744873,0.28559252619743347,0.20209644734859467,0.6967009902000427,0.5299745798110962,0.5211592316627502,0.673774003982544,0.4739849269390106,0.4624210298061371,0.9126639366149902,0.9445862770080566,0.9991020560264587,0.999949038028717,0.12333513051271439
A_no_reg_seed42,mrpc_lin,roberta-base,uiortholora,42,0.0,0.0,base_model.model.roberta.encoder.layer.10.attention.self.key,1.3716800212860107,1.7743743658065796,9.182384490966797,10.536456108093262,0.31332117319107056,0.5177534818649292,0.6670647263526917,0.5543405413627625,0.49682238698005676,0.6616775989532471,0.4779653549194336,0.466052383184433,0.872160017490387,0.9398131370544434,0.9999462366104126,0.9999156594276428,0.15754680335521698
A_no_reg_seed42,mrpc_lin,roberta-base,uiortholora,42,0.0,0.0,base_model.model.roberta.encoder.layer.10.attention.self.value,0.8068503737449646,0.9545246958732605,5.2196550369262695,6.918724536895752,0.17762331664562225,0.18468210101127625,0.7228568196296692,0.5103984475135803,0.496593713760376,0.6913435459136963,0.4620201289653778,0.46135416626930237,0.9359024167060852,0.9508077502250671,0.9736008048057556,0.9747544527053833,0.03885817155241966
A_no_reg_seed42,mrpc_lin,roberta-base,uiortholora,42,0.0,0.0,base_model.model.roberta.encoder.layer.10.attention.output.dense,0.9136105179786682,1.1038074493408203,6.839450359344482,6.549633502960205,0.25798991322517395,0.2464030534029007,0.6295979022979736,0.5775366425514221,0.4711521863937378,0.6823556423187256,0.4690771996974945,0.4609878659248352,0.891155481338501,0.9475919604301453,0.9962676763534546,0.9945363998413086,0.0922597348690033
A_no_reg_seed42,mrpc_lin,roberta-base,uiortholora,42,0.0,0.0,base_model.model.roberta.encoder.layer.11.attention.self.query,1.3223698139190674,1.2504010200500488,8.64360523223877,8.40114974975586,0.21852616965770721,0.1761253923177719,0.6934109926223755,0.5064754486083984,0.5136616826057434,0.6751958131790161,0.47850194573402405,0.4576513171195984,0.9096530675888062,0.9455546140670776,0.9991115927696228,0.9993118643760681,0.07363958656787872
A_no_reg_seed42,mrpc_lin,roberta-base,uiortholora,42,0.0,0.0,base_model.model.roberta.encoder.layer.11.attention.self.key,1.3515361547470093,1.368133783340454,9.350205421447754,9.37057113647461,0.27629655599594116,0.38994652032852173,0.670386552810669,0.5097421407699585,0.5285561680793762,0.6714515089988708,0.46987172961235046,0.4667085111141205,0.909782350063324,0.9429901242256165,0.9999986886978149,0.9999951124191284,0.10505376011133194
A_no_reg_seed42,mrpc_lin,roberta-base,uiortholora,42,0.0,0.0,base_model.model.roberta.encoder.layer.11.attention.self.value,0.9254351258277893,0.9617668390274048,6.905371189117432,7.1227922439575195,0.22636409103870392,0.29344961047172546,0.7221201658248901,0.5335918068885803,0.4887329339981079,0.6934678554534912,0.4605790972709656,0.4599620997905731,0.9308927059173584,0.9509872198104858,0.9979847073554993,0.9982488751411438,0.08353277295827866
A_no_reg_seed42,mrpc_lin,roberta-base,uiortholora,42,0.0,0.0,base_model.model.roberta.encoder.layer.11.attention.output.dense,1.0624254941940308,1.00885808467865,7.634732246398926,7.222063064575195,0.3020780682563782,0.297722190618515,0.7405821084976196,0.5223813652992249,0.47950753569602966,0.6882127523422241,0.4697011709213257,0.4542490839958191,0.9427502155303955,0.9488805532455444,0.9999867677688599,0.9999334216117859,0.1368730515241623
B_muE_only_seed42,mrpc_lin,roberta-base,uiortholora,42,0.001,0.0,base_model.model.roberta.encoder.layer.0.attention.self.query,0.0966838002204895,0.9145806431770325,0.6085306406021118,6.459907531738281,0.028256244957447052,0.02923249453306198,0.7825316190719604,0.5733564496040344,0.4697650372982025,0.7530679702758789,0.5198599696159363,0.3227051794528961,0.959252119064331,0.9701889157295227,0.7799614071846008,0.7805125117301941,0.01580602116882801
B_muE_only_seed42,mrpc_lin,roberta-base,uiortholora,42,0.001,0.0,base_model.model.roberta.encoder.layer.0.attention.self.key,0.26671934127807617,1.0385547876358032,0.859342098236084,6.815428733825684,0.04233169928193092,0.04143419489264488,0.8032277822494507,0.5384691953659058,0.5107930302619934,0.7342641949653625,0.5023316144943237,0.3619733154773712,0.9267832040786743,0.9603530168533325,0.5711714029312134,0.5747658014297485,0.022397255524992943
B_muE_only_seed42,mrpc_lin,roberta-base,uiortholora,42,0.001,0.0,base_model.model.roberta.encoder.layer.0.attention.self.value,0.4332025349140167,0.934949517250061,1.4615243673324585,6.415729999542236,0.10376229882240295,0.18120713531970978,0.6625993847846985,0.47024527192115784,0.5110018849372864,0.7448838353157043,0.478193461894989,0.3605024814605713,0.8909397125244141,0.9556460380554199,0.9943869709968567,0.9933078289031982,0.07699447125196457
B_muE_only_seed42,mrpc_lin,roberta-base,uiortholora,42,0.001,0.0,base_model.model.roberta.encoder.layer.0.attention.output.dense,0.3026469945907593,1.093856930732727,1.6965850591659546,7.465501308441162,0.168675035238266,0.10585331916809082,0.8553380966186523,0.610771894454956,0.5994436740875244,0.7384349703788757,0.48586276173591614,0.37071743607521057,0.9698179364204407,0.9584129452705383,0.9999440312385559,0.999867856502533,0.056306563317775726
B_muE_only_seed42,mrpc_lin,roberta-base,uiortholora,42,0.001,0.0,base_model.model.roberta.encoder.layer.1.attention.self.query,0.27413395047187805,1.2447807788848877,0.8759205341339111,7.15915584564209,0.0550522580742836,0.04373615235090256,0.7939252257347107,0.5146231651306152,0.5141701102256775,0.7589015960693359,0.5089856386184692,0.32140597701072693,0.9587942957878113,0.9685419201850891,0.8278700113296509,0.8312429785728455,0.03520256653428078
B_muE_only_seed42,mrpc_lin,roberta-base,uiortholora,42,0.001,0.0,base_model.model.roberta.encoder.layer.1.attention.self.key,0.2799118757247925,1.1410268545150757,0.8299726843833923,6.991292953491211,0.05948388949036598,0.06392127275466919,0.6074779629707336,0.5682200193405151,0.5397986769676208,0.745947003364563,0.5017775893211365,0.34153175354003906,0.873137891292572,0.9615802764892578,0.6701563000679016,0.67312091588974,0.04458373039960861
B_muE_only_seed42,mrpc_lin,roberta-base,uiortholora,42,0.001,0.0,base_model.model.roberta.encoder.layer.1.attention.self.value,0.2570408582687378,1.00315523147583,1.1893632411956787,6.7245612144470215,0.08409655839204788,0.10055459290742874,0.7843608856201172,0.536641001701355,0.4341124892234802,0.7613487243652344,0.5055922269821167,0.328942209482193,0.961089015007019,0.9712046384811401,0.9525173306465149,0.9552439451217651,0.03571850433945656
B_muE_only_seed42,mrpc_lin,roberta-base,uiortholora,42,0.001,0.0,base_model.model.roberta.encoder.layer.1.attention.output.dense,0.2443068027496338,1.045582890510559,1.450426459312439,7.608747482299805,0.1550171673297882,0.16886518895626068,0.8536188006401062,0.540020763874054,0.4671587347984314,0.7383506894111633,0.4945290684700012,0.3637217581272125,0.9963910579681396,0.9600964188575745,0.9984855055809021,0.9997929930686951,0.0649433583021164
B_muE_only_seed42,mrpc_lin,roberta-base,uiortholora,42,0.001,0.0,base_model.model.roberta.encoder.layer.2.attention.self.query,0.3258506953716278,1.3090835809707642,1.095451831817627,8.670013427734375,0.09997157007455826,0.060797154903411865,0.7473924160003662,0.5751156806945801,0.5196686387062073,0.7427788376808167,0.5073925256729126,0.34871044754981995,0.9354912042617798,0.9646440744400024,0.9498797059059143,0.953134298324585,0.04187045246362686
B_muE_only_seed42,mrpc_lin,roberta-base,uiortholora,42,0.001,0.0,base_model.model.roberta.encoder.layer.2.attention.self.key,0.2206200212240219,1.248561143875122,1.0251424312591553,8.08167839050293,0.08200747519731522,0.08608308434486389,0.6857084631919861,0.5457563400268555,0.5520261526107788,0.7267341613769531,0.498640775680542,0.37288981676101685,0.8911585211753845,0.9568706750869751,0.7630111575126648,0.7700741291046143,0.04324238747358322
B_muE_only_seed42,mrpc_lin,roberta-base,uiortholora,42,0.001,0.0,base_model.model.roberta.encoder.layer.2.attention.self.value,0.23470260202884674,1.0994243621826172,1.364004135131836,7.622123718261719,0.10412178933620453,0.10208728164434433,0.8536060452461243,0.5611686110496521,0.5040898323059082,0.7436941266059875,0.4998303949832916,0.34574607014656067,0.970238983631134,0.9603254199028015,0.9799109697341919,0.9772400259971619,0.04172984138131142
B_muE_only_seed42,mrpc_lin,roberta-base,uiortholora,42,0.001,0.0,base_model.model.roberta.encoder.layer.2.attention.output.dense,0.21990832686424255,1.281200647354126,1.5566165447235107,8.467695236206055,0.16444039344787598,0.16771596670150757,0.8003761768341064,0.5787708163261414,0.6260802149772644,0.7321100831031799,0.48541536927223206,0.38622453808784485,0.9382790923118591,0.959452211856842,0.9975733757019043,0.9985055327415466,0.04378080368041992
B_muE_only_seed42,mrpc_lin,roberta-base,uiortholora,42,0.001,0.0,base_model.model.roberta.encoder.layer.3.attention.self.query,0.2749617397785187,1.363622784614563,1.0294851064682007,9.310164451599121,0.10003943741321564,0.05979316681623459,0.6921055316925049,0.545242965221405,0.6653465628623962,0.7242465615272522,0.5037946105003357,0.3725011646747589,0.8872784376144409,0.9575322866439819,0.9413644075393677,0.9433431625366211,0.036525484174489975
B_muE_only_seed42,mrpc_lin,roberta-base,uiortholora,42,0.001,0.0,base_model.model.roberta.encoder.layer.3.attention.self.key,0.17741236090660095,1.3556809425354004,1.0367130041122437,8.777215003967285,0.09401921927928925,0.09987456351518631,0.7843314409255981,0.5701445937156677,0.6051483154296875,0.7283457517623901,0.4888675808906555,0.3787458837032318,0.9337691068649292,0.9553543925285339,0.9745007157325745,0.9760685563087463,0.04506302624940872
B_muE_only_seed42,mrpc_lin,roberta-base,uiortholora,42,0.001,0.0,base_model.model.roberta.encoder.layer.3.attention.self.value,0.3151879906654358,1.012261152267456,1.4757615327835083,7.251421928405762,0.0840689167380333,0.07590708136558533,0.7882781028747559,0.53041011095047,0.4761721193790436,0.7390193343162537,0.4873148798942566,0.3640574812889099,0.9404621720314026,0.9570443034172058,0.9795082211494446,0.9794234037399292,0.04334741830825806
B_muE_only_seed42,mrpc_lin,roberta-base,uiortholora,42,0.001,0.0,base_model.model.roberta.encoder.layer.3.attention.output.dense,0.23980286717414856,1.4561632871627808,1.7387577295303345,9.223394393920898,0.1795835793018341,0.22733111679553986,0.7766860723495483,0.5225185751914978,0.5124311447143555,0.7186914086341858,0.49731549620628357,0.3922898769378662,0.9535757303237915,0.9578707814216614,0.9999998211860657,0.9999716877937317,0.05998869612812996
B_muE_only_seed42,mrpc_lin,roberta-base,uiortholora,42,0.001,0.0,base_model.model.roberta.encoder.layer.4.attention.self.query,0.33710628747940063,1.866518259048462,1.2897428274154663,10.840917587280273,0.13245467841625214,0.09880265593528748,0.6329588294029236,0.5044864416122437,0.6179668307304382,0.6933774352073669,0.48344263434410095,0.42809849977493286,0.883583128452301,0.9473810791969299,0.9996396899223328,0.9998327493667603,0.028398757800459862
B_muE_only_seed42,mrpc_lin,roberta-base,uiortholora,42,0.001,0.0,base_model.model.roberta.encoder.layer.4.attention.self.key,0.42118221521377563,1.404138445854187,1.3498156070709229,9.994702339172363,0.10040891915559769,0.14666739106178284,0.5564159750938416,0.3991239368915558,0.6742482781410217,0.6646229028701782,0.4652303457260132,0.4629353880882263,0.8158293962478638,0.9339480400085449,0.9950577616691589,0.9955255389213562,0.028386585414409637
B_muE_only_seed42,mrpc_lin,roberta-base,uiortholora,42,0.001,0.0,base_model.model.roberta.encoder.layer.4.attention.self.value,0.28908562660217285,1.2975831031799316,1.7516695261001587,8.712284088134766,0.13470998406410217,0.1257750540971756,0.8082172274589539,0.5182148218154907,0.5022162199020386,0.7410789728164673,0.47083306312561035,0.3663484752178192,0.9449379444122314,0.9512473940849304,0.999992847442627,0.9998211860656738,0.04289193078875542
B_muE_only_seed42,mrpc_lin,roberta-base,uiortholora,42,0.001,0.0,base_model.model.roberta.encoder.layer.4.attention.output.dense,0.32013648748397827,1.5096707344055176,2.0617728233337402,10.310978889465332,0.2384997457265854,0.2893427312374115,0.7480599880218506,0.5600681900978088,0.5560991764068604,0.7190495729446411,0.5036284327507019,0.39026111364364624,0.9466034173965454,0.9605991244316101,0.9999967813491821,0.9999994039535522,0.05130225047469139
B_muE_only_seed42,mrpc_lin,roberta-base,uiortholora,42,0.001,0.0,base_model.model.roberta.encoder.layer.5.attention.self.query,0.5532864928245544,1.7497305870056152,1.551644206047058,11.585772514343262,0.12700513005256653,0.08244176208972931,0.6195433139801025,0.5375987887382507,0.6181641221046448,0.6870183348655701,0.4640232026576996,0.4452720284461975,0.8596906661987305,0.9409325122833252,0.9954683780670166,0.9958869814872742,0.042337194085121155
B_muE_only_seed42,mrpc_lin,roberta-base,uiortholora,42,0.001,0.0,base_model.model.roberta.encoder.layer.5.attention.self.key,0.4308583736419678,1.707763910293579,1.490749478340149,11.262645721435547,0.17096073925495148,0.2557780146598816,0.4914070665836334,0.4144352972507477,0.6608492732048035,0.6827901005744934,0.4671482741832733,0.44172754883766174,0.8028730750083923,0.9377290606498718,0.999854564666748,0.9995580911636353,0.04281366989016533
B_muE_only_seed42,mrpc_lin,roberta-base,uiortholora,42,0.001,0.0,base_model.model.roberta.encoder.layer.5.attention.self.value,0.361322283744812,1.3675436973571777,1.7547870874404907,9.796192169189453,0.13186073303222656,0.15654288232326508,0.7889456748962402,0.5506650805473328,0.5784990191459656,0.7451167702674866,0.48602285981178284,0.3612670302391052,0.9342454671859741,0.9600520730018616,0.9990655779838562,0.9994676113128662,0.034100648015737534
B_muE_only_seed42,mrpc_lin,roberta-base,uiortholora,42,0.001,0.0,base_model.model.roberta.encoder.layer.5.attention.output.dense,0.27795395255088806,1.3186798095703125,1.9096341133117676,10.01103401184082,0.23656462132930756,0.2284482717514038,0.7818326950073242,0.564670979976654,0.597974419593811,0.7053738832473755,0.48976948857307434,0.41416260600090027,0.9601808190345764,0.9532771110534668,0.9996432662010193,0.9999435544013977,0.07907842099666595
B_muE_only_seed42,mrpc_lin,roberta-base,uiortholora,42,0.001,0.0,base_model.model.roberta.encoder.layer.6.attention.self.query,0.6319758296012878,1.435765266418457,1.5303027629852295,10.374279975891113,0.13119380176067352,0.1837790608406067,0.608433187007904,0.44163069128990173,0.6256091594696045,0.6966221928596497,0.4726238548755646,0.4199463427066803,0.8586588501930237,0.9406373500823975,0.9844282865524292,0.9866408705711365,0.05334381386637688
B_muE_only_seed42,mrpc_lin,roberta-base,uiortholora,42,0.001,0.0,base_model.model.roberta.encoder.layer.6.attention.self.key,0.34894225001335144,1.544571876525879,1.5618654489517212,11.224634170532227,0.17794010043144226,0.24261578917503357,0.6189525127410889,0.4931408762931824,0.7499469518661499,0.7005749940872192,0.47605758905410767,0.41668567061424255,0.8364000916481018,0.9438475370407104,0.9999855756759644,0.9989840984344482,0.06566541641950607
B_muE_only_seed42,mrpc_lin,roberta-base,uiortholora,42,0.001,0.0,base_model.model.roberta.encoder.layer.6.attention.self.value,0.21596601605415344,1.4682642221450806,1.4314358234405518,10.217146873474121,0.18058247864246368,0.21687272191047668,0.8155843019485474,0.5763587951660156,0.6180626749992371,0.7398957014083862,0.4939097762107849,0.36042988300323486,0.9660336375236511,0.9597306251525879,0.9999984502792358,0.9999966025352478,0.030901286751031876
B_muE_only_seed42,mrpc_lin,roberta-base,uiortholora,42,0.001,0.0,base_model.model.roberta.encoder.layer.6.attention.output.dense,0.2761853337287903,1.51814603805542,1.6995468139648438,10.000957489013672,0.27944037318229675,0.22864863276481628,0.7009688019752502,0.489154189825058,0.5997483134269714,0.717400848865509,0.4804575741291046,0.4064878523349762,0.9067317247390747,0.9542087912559509,0.9999666810035706,0.9999703764915466,0.07621670514345169
B_muE_only_seed42,mrpc_lin,roberta-base,uiortholora,42,0.001,0.0,base_model.model.roberta.encoder.layer.7.attention.self.query,0.3736352026462555,1.5474579334259033,1.2226756811141968,11.722918510437012,0.16480402648448944,0.19656389951705933,0.706457793712616,0.5206818580627441,0.6137360334396362,0.7050728797912598,0.49656492471694946,0.40328189730644226,0.9127951264381409,0.9519036412239075,0.9999417066574097,1.0,0.0286577008664608
B_muE_only_seed42,mrpc_lin,roberta-base,uiortholora,42,0.001,0.0,base_model.model.roberta.encoder.layer.7.attention.self.key,0.7291001677513123,1.5680614709854126,1.5862590074539185,11.181938171386719,0.12020278722047806,0.26181676983833313,0.5372540354728699,0.3790947198867798,0.6333939433097839,0.661197304725647,0.45205074548721313,0.4807705581188202,0.846850574016571,0.934049665927887,0.9999822974205017,0.9985985159873962,0.025430379435420036
B_muE_only_seed42,mrpc_lin,roberta-base,uiortholora,42,0.001,0.0,base_model.model.roberta.encoder.layer.7.attention.self.value,0.34759458899497986,1.7795687913894653,1.4263262748718262,10.484907150268555,0.3106253743171692,0.3914259374141693,0.7341797351837158,0.5563133955001831,0.5446149706840515,0.7472829818725586,0.47807541489601135,0.3564952313899994,0.8578139543533325,0.9559499025344849,0.9999822974205017,0.9999955892562866,0.09597639739513397
B_muE_only_seed42,mrpc_lin,roberta-base,uiortholora,42,0.001,0.0,base_model.model.roberta.encoder.layer.7.attention.output.dense,0.2272767871618271,1.5681616067886353,1.4908971786499023,10.378442764282227,0.44300615787506104,0.4701286852359772,0.7035302519798279,0.4278413951396942,0.6173820495605469,0.6802547574043274,0.452736496925354,0.4605554938316345,0.9043043851852417,0.9378748536109924,0.9999946355819702,0.9999642968177795,0.15373791754245758
B_muE_only_seed42,mrpc_lin,roberta-base,uiortholora,42,0.001,0.0,base_model.model.roberta.encoder.layer.8.attention.self.query,0.28969308733940125,1.6129906177520752,0.8905802965164185,12.495830535888672,0.21754807233810425,0.1624910980463028,0.8068669438362122,0.5347456932067871,0.6136913895606995,0.7037613987922668,0.4875088632106781,0.41338494420051575,0.9605091214179993,0.9505848288536072,0.9998779892921448,0.9999193549156189,0.05040225386619568
B_muE_only_seed42,mrpc_lin,roberta-base,uiortholora,42,0.001,0.0,base_model.model.roberta.encoder.layer.8.attention.self.key,0.42235785722732544,1.5071146488189697,0.9341290593147278,10.351455688476562,0.12623143196105957,0.1936263144016266,0.5859097242355347,0.3707866668701172,0.661078929901123,0.690984845161438,0.4606785178184509,0.4474906027317047,0.871465265750885,0.9432468414306641,0.9999657869338989,0.9996529221534729,0.033498093485832214
B_muE_only_seed42,mrpc_lin,roberta-base,uiortholora,42,0.001,0.0,base_model.model.roberta.encoder.layer.8.attention.self.value,0.331819623708725,1.84955894947052,0.9063649773597717,9.846388816833496,0.23360027372837067,0.2946413457393646,0.702195942401886,0.5483341813087463,0.4787274897098541,0.749514102935791,0.5014338493347168,0.3496231138706207,0.9255603551864624,0.9670634269714355,0.9999998807907104,0.9999973773956299,0.06363090872764587
B_muE_only_seed42,mrpc_lin,roberta-base,uiortholora,42,0.001,0.0,base_model.model.roberta.encoder.layer.8.attention.output.dense,0.2084498256444931,1.1138596534729004,0.8929063677787781,7.969253063201904,0.22933411598205566,0.18486952781677246,0.7324516177177429,0.5449824333190918,0.619038999080658,0.7127039432525635,0.48604410886764526,0.3985688090324402,0.8848424553871155,0.9501668214797974,0.9998271465301514,0.9999741315841675,0.09396116435527802
B_muE_only_seed42,mrpc_lin,roberta-base,uiortholora,42,0.001,0.0,base_model.model.roberta.encoder.layer.9.attention.self.query,0.15472503006458282,1.6200836896896362,0.5381659269332886,10.271195411682129,0.13079048693180084,0.10100675374269485,0.6752317547798157,0.5315675139427185,0.6255806088447571,0.7026398181915283,0.49434325098991394,0.41038966178894043,0.8470889329910278,0.9519836902618408,0.9993001818656921,0.9999969005584717,0.03552325814962387
B_muE_only_seed42,mrpc_lin,roberta-base,uiortholora,42,0.001,0.0,base_model.model.roberta.encoder.layer.9.attention.self.key,0.1370161920785904,1.6278103590011597,0.5879418253898621,11.009403228759766,0.1772395223379135,0.18982532620429993,0.7057361602783203,0.4755229353904724,0.7548229098320007,0.6615700721740723,0.46360841393470764,0.46481722593307495,0.9035817384719849,0.931904137134552,0.9999545216560364,1.0,0.07194161415100098
B_muE_only_seed42,mrpc_lin,roberta-base,uiortholora,42,0.001,0.0,base_model.model.roberta.encoder.layer.9.attention.self.value,0.10075502097606659,1.4140368700027466,0.621263325214386,8.366093635559082,0.15478721261024475,0.13069455325603485,0.7324968576431274,0.605786919593811,0.4397454261779785,0.7771321535110474,0.5304672122001648,0.2747684121131897,0.9505168199539185,0.9800944924354553,0.9974361062049866,0.9990778565406799,0.04526828974485397
B_muE_only_seed42,mrpc_lin,roberta-base,uiortholora,42,0.001,0.0,base_model.model.roberta.encoder.layer.9.attention.output.dense,0.09875935316085815,1.2174924612045288,0.6748473048210144,7.926847457885742,0.19989465177059174,0.16159184277057648,0.7196584343910217,0.5685545206069946,0.5914546847343445,0.722642183303833,0.5058892965316772,0.37476253509521484,0.9123842120170593,0.9583039879798889,0.9999211430549622,0.9999960064888,0.055528536438941956
B_muE_only_seed42,mrpc_lin,roberta-base,uiortholora,42,0.001,0.0,base_model.model.roberta.encoder.layer.10.attention.self.query,0.09627412259578705,1.3392210006713867,0.460787296295166,9.62524127960205,0.1159350574016571,0.06563793867826462,0.7852029800415039,0.5422860980033875,0.6120707988739014,0.7352843880653381,0.4950993061065674,0.3702007234096527,0.9418358206748962,0.9605122804641724,0.9990764260292053,0.9986289143562317,0.05010585859417915
B_muE_only_seed42,mrpc_lin,roberta-base,uiortholora,42,0.001,0.0,base_model.model.roberta.encoder.layer.10.attention.self.key,0.1128116026520729,1.4593275785446167,0.49858057498931885,10.425603866577148,0.14666366577148438,0.15887853503227234,0.749645471572876,0.5911156535148621,0.6674883961677551,0.7040340304374695,0.49506711959838867,0.4074961543083191,0.9257355332374573,0.952143669128418,0.9997801184654236,0.999735951423645,0.040706317871809006
B_muE_only_seed42,mrpc_lin,roberta-base,uiortholora,42,0.001,0.0,base_model.model.roberta.encoder.layer.10.attention.self.value,0.1096784844994545,1.064193606376648,0.551508903503418,7.576334476470947,0.13088439404964447,0.10960599035024643,0.882726788520813,0.5541091561317444,0.43327614665031433,0.7748778462409973,0.5269507765769958,0.28269046545028687,0.9944905638694763,0.9786626696586609,0.9994484186172485,0.9995845556259155,0.033836089074611664
B_muE_only_seed42,mrpc_lin,roberta-base,uiortholora,42,0.001,0.0,base_model.model.roberta.encoder.layer.10.attention.output.dense,0.1277441829442978,1.1614898443222046,0.5908698439598083,7.420110702514648,0.17558413743972778,0.14966431260108948,0.7754676342010498,0.520698606967926,0.5086110234260559,0.7407323718070984,0.5070129036903381,0.3478192389011383,0.9540622234344482,0.9625457525253296,0.9996340870857239,0.9999697804450989,0.05285487323999405
B_muE_only_seed42,mrpc_lin,roberta-base,uiortholora,42,0.001,0.0,base_model.model.roberta.encoder.layer.11.attention.self.query,0.305454283952713,1.1743520498275757,1.0137275457382202,7.836266040802002,0.07064086943864822,0.049631569534540176,0.7166788578033447,0.49381253123283386,0.5033653378486633,0.7156433463096619,0.49446046352386475,0.3995710015296936,0.9062551856040955,0.9571118354797363,0.9991119503974915,0.9992956519126892,0.02469668909907341
B_muE_only_seed42,mrpc_lin,roberta-base,uiortholora,42,0.001,0.0,base_model.model.roberta.encoder.layer.11.attention.self.key,0.10710335522890091,1.462785243988037,0.5503267049789429,8.961901664733887,0.18208172917366028,0.20625747740268707,0.7408851385116577,0.5882419943809509,0.6994627714157104,0.7126408219337463,0.48269397020339966,0.3941003382205963,0.8845582008361816,0.9465464949607849,0.9999951720237732,0.9990256428718567,0.07539664953947067
B_muE_only_seed42,mrpc_lin,roberta-base,uiortholora,42,0.001,0.0,base_model.model.roberta.encoder.layer.11.attention.self.value,0.2131502628326416,1.30941903591156,0.6258111596107483,8.157038688659668,0.24770386517047882,0.2820228934288025,0.7793601155281067,0.5589827299118042,0.5861043334007263,0.7606141567230225,0.48840540647506714,0.3342728018760681,0.9250913858413696,0.9636315107345581,0.9998008012771606,0.999977171421051,0.11495932191610336
B_muE_only_seed42,mrpc_lin,roberta-base,uiortholora,42,0.001,0.0,base_model.model.roberta.encoder.layer.11.attention.output.dense,0.12354287505149841,1.2091344594955444,0.6535719633102417,7.828817367553711,0.30029746890068054,0.2609269618988037,0.7770126461982727,0.5289351344108582,0.5706597566604614,0.758414089679718,0.48231473565101624,0.33545923233032227,0.9282499551773071,0.9592303037643433,0.9999048709869385,0.9999999403953552,0.1743108481168747
C_muE_nuD_seed42,mrpc_lin,roberta-base,uiortholora,42,0.001,0.001,base_model.model.roberta.encoder.layer.0.attention.self.query,0.023616326972842216,0.044082727283239365,0.15547332167625427,0.2073344588279724,0.0043212310411036015,0.0036348390858620405,0.7467782497406006,0.15799209475517273,0.14617425203323364,0.8946692943572998,0.08748144656419754,0.07313258200883865,0.7640781998634338,0.9017936587333679,0.021048547700047493,0.0,0.012137691490352154
C_muE_nuD_seed42,mrpc_lin,roberta-base,uiortholora,42,0.001,0.001,base_model.model.roberta.encoder.layer.0.attention.self.key,0.01816709153354168,0.019262608140707016,0.10946042090654373,0.12697608768939972,0.0015927300555631518,0.0008092240313999355,0.7605578899383545,0.16897493600845337,0.1425481140613556,0.9420467019081116,0.08653409034013748,0.06950388103723526,0.7691798210144043,0.9484469294548035,0.02129068598151207,0.0,0.005178069230169058
C_muE_nuD_seed42,mrpc_lin,roberta-base,uiortholora,42,0.001,0.001,base_model.model.roberta.encoder.layer.0.attention.self.value,0.35811999440193176,0.17319975793361664,1.116268515586853,0.6377086639404297,0.03655184060335159,0.07226062566041946,0.36595502495765686,0.4610951840877533,0.28901782631874084,0.7850518822669983,0.23101377487182617,0.22131240367889404,0.5487539172172546,0.8476313948631287,0.9920849204063416,0.9922379851341248,0.09371738880872726
C_muE_nuD_seed42,mrpc_lin,roberta-base,uiortholora,42,0.001,0.001,base_model.model.roberta.encoder.layer.0.attention.output.dense,0.08561050146818161,0.21244527399539948,0.5387240052223206,0.7240374684333801,0.030063144862651825,0.015770548954606056,0.8020989894866943,0.4777185618877411,0.4520101547241211,0.8017822504043579,0.20469850301742554,0.19765324890613556,0.8784390091896057,0.8506741523742676,0.9998477697372437,0.9998483061790466,0.08273812383413315
C_muE_nuD_seed42,mrpc_lin,roberta-base,uiortholora,42,0.001,0.001,base_model.model.roberta.encoder.layer.1.attention.self.query,0.22987514734268188,0.29524239897727966,0.5597280263900757,0.47327324748039246,0.020680978894233704,0.02387678623199463,0.549921989440918,0.4118025600910187,0.35762733221054077,0.8333749771118164,0.14336234331130981,0.13600970804691315,0.6720414757728577,0.8563833832740784,0.9993083477020264,0.999308705329895,0.05734724551439285
C_muE_nuD_seed42,mrpc_lin,roberta-base,uiortholora,42,0.001,0.001,base_model.model.roberta.encoder.layer.1.attention.self.key,0.19605840742588043,0.23262378573417664,0.41778138279914856,0.36950597167015076,0.014153952710330486,0.021398333832621574,0.4484558403491974,0.4328102469444275,0.3709348440170288,0.8403120636940002,0.13555431365966797,0.12566213309764862,0.6823177337646484,0.8602966070175171,0.0798063576221466,0.0774984061717987,0.039128415286540985
C_muE_nuD_seed42,mrpc_lin,roberta-base,uiortholora,42,0.001,0.001,base_model.model.roberta.encoder.layer.1.attention.self.value,0.2700342535972595,0.2389930784702301,1.3527885675430298,0.6299407482147217,0.023120032623410225,0.04712710529565811,0.3624812364578247,0.436825692653656,0.3144144117832184,0.7585552334785461,0.2856423854827881,0.25712981820106506,0.5629190802574158,0.8502529263496399,0.2576994299888611,0.25631022453308105,0.05481051281094551
C_muE_nuD_seed42,mrpc_lin,roberta-base,uiortholora,42,0.001,0.001,base_model.model.roberta.encoder.layer.1.attention.output.dense,0.07928796857595444,0.13346007466316223,0.49279576539993286,0.6964871883392334,0.03599636256694794,0.027833832427859306,0.6155819892883301,0.2731039822101593,0.30582696199417114,0.8142068982124329,0.1802476942539215,0.16793477535247803,0.6851834654808044,0.8505570292472839,0.9999982118606567,0.9999963641166687,0.11162940412759781
C_muE_nuD_seed42,mrpc_lin,roberta-base,uiortholora,42,0.001,0.001,base_model.model.roberta.encoder.layer.2.attention.self.query,0.17606669664382935,0.0632135197520256,0.5042216777801514,0.3009811043739319,0.014720801264047623,0.009396199136972427,0.502886176109314,0.3317616581916809,0.34904924035072327,0.8532465100288391,0.12288142740726471,0.14200440049171448,0.602802038192749,0.8735607266426086,0.056084368377923965,0.04611415043473244,0.04232458397746086
C_muE_nuD_seed42,mrpc_lin,roberta-base,uiortholora,42,0.001,0.001,base_model.model.roberta.encoder.layer.2.attention.self.key,0.19662393629550934,0.07310768216848373,0.5957671403884888,0.3997330963611603,0.0357208289206028,0.029152249917387962,0.6560641527175903,0.31612226366996765,0.34668081998825073,0.8154954314231873,0.10332904011011124,0.10683700442314148,0.755897581577301,0.8288266658782959,0.9999339580535889,0.9999327659606934,0.11134826391935349
C_muE_nuD_seed42,mrpc_lin,roberta-base,uiortholora,42,0.001,0.001,base_model.model.roberta.encoder.layer.2.attention.self.value,0.29895293712615967,0.2213364839553833,1.4998966455459595,0.6240466833114624,0.0474061593413353,0.04274064674973488,0.76984703540802,0.4113398790359497,0.37012869119644165,0.8177155256271362,0.21582311391830444,0.23672117292881012,0.8783369660377502,0.8781150579452515,0.9996587634086609,0.9997124671936035,0.1318272054195404
C_muE_nuD_seed42,mrpc_lin,roberta-base,uiortholora,42,0.001,0.001,base_model.model.roberta.encoder.layer.2.attention.output.dense,0.14303168654441833,0.15369491279125214,0.638843834400177,0.662104606628418,0.05305757746100426,0.048423927277326584,0.647002100944519,0.2511800527572632,0.285026490688324,0.7747784852981567,0.14030437171459198,0.14318455755710602,0.7078391909599304,0.8001922369003296,0.9997685551643372,0.999758780002594,0.14149540662765503
C_muE_nuD_seed42,mrpc_lin,roberta-base,uiortholora,42,0.001,0.001,base_model.model.roberta.encoder.layer.3.attention.self.query,0.2923922836780548,0.21695774793624878,0.6104459166526794,0.5171012282371521,0.01846848987042904,0.013494282029569149,0.8919656872749329,0.35673072934150696,0.36921295523643494,0.8787276744842529,0.1546708196401596,0.1380293071269989,0.9959532618522644,0.9027368426322937,0.9996734261512756,0.999670684337616,0.059072885662317276
C_muE_nuD_seed42,mrpc_lin,roberta-base,uiortholora,42,0.001,0.001,base_model.model.roberta.encoder.layer.3.attention.self.key,0.1353711038827896,0.15408384799957275,0.47413164377212524,0.46697330474853516,0.02277120016515255,0.025835715234279633,0.9679356813430786,0.2478644847869873,0.238727405667305,0.8189952969551086,0.11387840658426285,0.11533024907112122,0.9906599521636963,0.83477783203125,0.9998942613601685,0.9998921155929565,0.06373647600412369
C_muE_nuD_seed42,mrpc_lin,roberta-base,uiortholora,42,0.001,0.001,base_model.model.roberta.encoder.layer.3.attention.self.value,0.2128572165966034,0.23159150779247284,0.9709670543670654,0.6956713199615479,0.03541187196969986,0.04739149287343025,0.33480075001716614,0.3918255865573883,0.2047877013683319,0.7970027327537537,0.19869492948055267,0.18916840851306915,0.501674234867096,0.8427925705909729,0.79051673412323,0.7901272773742676,0.0947628766298294
C_muE_nuD_seed42,mrpc_lin,roberta-base,uiortholora,42,0.001,0.001,base_model.model.roberta.encoder.layer.3.attention.output.dense,0.21552999317646027,0.1724996268749237,1.0777188539505005,0.9023430347442627,0.09956106543540955,0.11963111907243729,0.5181907415390015,0.23096631467342377,0.21503575146198273,0.7196138501167297,0.16294272243976593,0.15780766308307648,0.5792856812477112,0.7544291615486145,0.9999558329582214,0.9999020099639893,0.29169875383377075
C_muE_nuD_seed42,mrpc_lin,roberta-base,uiortholora,42,0.001,0.001,base_model.model.roberta.encoder.layer.4.attention.self.query,0.3151305913925171,0.14136072993278503,0.6386858820915222,0.30588170886039734,0.007804266642779112,0.00765107711777091,0.45001915097236633,0.5052986741065979,0.519655704498291,0.8644236922264099,0.17994056642055511,0.22202220559120178,0.6781014204025269,0.9103246927261353,0.06361398100852966,0.058677107095718384,0.021647581830620766
C_muE_nuD_seed42,mrpc_lin,roberta-base,uiortholora,42,0.001,0.001,base_model.model.roberta.encoder.layer.4.attention.self.key,0.5300371646881104,0.4234302043914795,0.9276649355888367,0.8616511821746826,0.029094619676470757,0.1236116886138916,0.25621849298477173,0.45193612575531006,0.43641942739486694,0.594346821308136,0.3327188193798065,0.3008626699447632,0.5840751528739929,0.7445357441902161,0.9998248815536499,0.9998397827148438,0.06295295804738998
C_muE_nuD_seed42,mrpc_lin,roberta-base,uiortholora,42,0.001,0.001,base_model.model.roberta.encoder.layer.4.attention.self.value,0.23227711021900177,0.18375727534294128,1.289095163345337,0.8799786567687988,0.08389211446046829,0.06991393864154816,0.6347322463989258,0.32748162746429443,0.2545406222343445,0.8122105598449707,0.1788424700498581,0.1888369470834732,0.6912104487419128,0.8527331948280334,0.999881386756897,0.9998611211776733,0.25528040528297424
C_muE_nuD_seed42,mrpc_lin,roberta-base,uiortholora,42,0.001,0.001,base_model.model.roberta.encoder.layer.4.attention.output.dense,0.2288084179162979,0.21660399436950684,1.4669740200042725,1.1905131340026855,0.11506842076778412,0.11948715895414352,0.6603742241859436,0.31406280398368835,0.2703102231025696,0.6849554181098938,0.21004362404346466,0.19878065586090088,0.7058847546577454,0.743411123752594,0.9999550580978394,0.9999545812606812,0.31430715322494507
C_muE_nuD_seed42,mrpc_lin,roberta-base,uiortholora,42,0.001,0.001,base_model.model.roberta.encoder.layer.5.attention.self.query,0.24261489510536194,0.1370280385017395,0.9583535194396973,0.41850385069847107,0.024620546028017998,0.015669899061322212,0.6318251490592957,0.4042138457298279,0.435165673494339,0.8132243752479553,0.22095701098442078,0.2678074240684509,0.8018780946731567,0.8841259479522705,0.5978344678878784,0.602263331413269,0.06121206656098366
C_muE_nuD_seed42,mrpc_lin,roberta-base,uiortholora,42,0.001,0.001,base_model.model.roberta.encoder.layer.5.attention.self.key,0.17950646579265594,0.15277044475078583,0.662517786026001,0.47051170468330383,0.03603460639715195,0.0438891164958477,0.9274810552597046,0.20289157330989838,0.31283095479011536,0.8413665294647217,0.11313670873641968,0.12788408994674683,0.9780400395393372,0.8584116101264954,0.9989842772483826,0.9989829063415527,0.10492655634880066
C_muE_nuD_seed42,mrpc_lin,roberta-base,uiortholora,42,0.001,0.001,base_model.model.roberta.encoder.layer.5.attention.self.value,0.3617326617240906,0.27950364351272583,1.934216856956482,0.7471115589141846,0.016115520149469376,0.04662506282329559,0.29800260066986084,0.6026833057403564,0.264130175113678,0.6953644752502441,0.40737009048461914,0.3436112105846405,0.6576098203659058,0.8759889006614685,0.9075163006782532,0.9091715216636658,0.03382280096411705
C_muE_nuD_seed42,mrpc_lin,roberta-base,uiortholora,42,0.001,0.001,base_model.model.roberta.encoder.layer.5.attention.output.dense,0.28620800375938416,0.2644689381122589,1.351258635520935,1.0177433490753174,0.12072993069887161,0.12325932085514069,0.6222248673439026,0.29815492033958435,0.22404691576957703,0.7278896570205688,0.18448595702648163,0.16801562905311584,0.6494033932685852,0.769379734992981,0.9997333884239197,0.9997504949569702,0.35237517952919006
C_muE_nuD_seed42,mrpc_lin,roberta-base,uiortholora,42,0.001,0.001,base_model.model.roberta.encoder.layer.6.attention.self.query,0.9497270584106445,0.25310221314430237,1.4880077838897705,1.4944061040878296,0.08171682804822922,0.1721879094839096,0.47711536288261414,0.655331552028656,0.459207683801651,0.7083513140678406,0.2627716362476349,0.21535560488700867,0.8556947112083435,0.7855179309844971,0.9999367594718933,0.9999836087226868,0.22644367814064026
C_muE_nuD_seed42,mrpc_lin,roberta-base,uiortholora,42,0.001,0.001,base_model.model.roberta.encoder.layer.6.attention.self.key,0.18176855146884918,0.2169240564107895,0.832065999507904,0.6378938555717468,0.051198218017816544,0.0664224773645401,0.9755147695541382,0.20645712316036224,0.19337119162082672,0.7817211151123047,0.14537544548511505,0.14012393355369568,0.9939162135124207,0.8072789311408997,0.9999982118606567,0.9999979734420776,0.16235123574733734
C_muE_nuD_seed42,mrpc_lin,roberta-base,uiortholora,42,0.001,0.001,base_model.model.roberta.encoder.layer.6.attention.self.value,0.3102223873138428,0.2187063843011856,1.8014986515045166,0.6911039352416992,0.040631003677845,0.08321082592010498,0.5199064016342163,0.5145156979560852,0.23871800303459167,0.7791975140571594,0.28214892745018005,0.28971242904663086,0.5988948345184326,0.877785325050354,0.979978084564209,0.9799613952636719,0.09573827683925629
C_muE_nuD_seed42,mrpc_lin,roberta-base,uiortholora,42,0.001,0.001,base_model.model.roberta.encoder.layer.6.attention.output.dense,0.2888164520263672,0.19137385487556458,0.949070930480957,0.8888023495674133,0.0622505284845829,0.07704157382249832,0.343626469373703,0.23447412252426147,0.2662544548511505,0.7631089687347412,0.17085440456867218,0.17456652224063873,0.37602823972702026,0.8011515736579895,0.9992052912712097,0.9991346597671509,0.15634657442569733
C_muE_nuD_seed42,mrpc_lin,roberta-base,uiortholora,42,0.001,0.001,base_model.model.roberta.encoder.layer.7.attention.self.query,0.4291215240955353,0.42648038268089294,1.5455217361450195,0.6565161943435669,0.024287909269332886,0.10397488623857498,0.3770955502986908,0.4781728982925415,0.2809293866157532,0.6712267398834229,0.3091779053211212,0.23282358050346375,0.5532126426696777,0.7747243642807007,0.9997378587722778,0.9996919631958008,0.061576247215270996
C_muE_nuD_seed42,mrpc_lin,roberta-base,uiortholora,42,0.001,0.001,base_model.model.roberta.encoder.layer.7.attention.self.key,0.7628803253173828,0.2380061000585556,1.3660085201263428,1.3370500802993774,0.06390902400016785,0.13766349852085114,0.37591591477394104,0.5441010594367981,0.39184263348579407,0.6628329157829285,0.26821017265319824,0.22224365174770355,0.6316003799438477,0.7486862540245056,0.9999949932098389,0.9999993443489075,0.17830784618854523
C_muE_nuD_seed42,mrpc_lin,roberta-base,uiortholora,42,0.001,0.001,base_model.model.roberta.encoder.layer.7.attention.self.value,0.11421409249305725,0.12164563685655594,0.6845548748970032,0.5603904724121094,0.03583730384707451,0.03094085492193699,0.8552757501602173,0.2822796404361725,0.22696445882320404,0.8821609616279602,0.13821455836296082,0.13595546782016754,0.8954094052314758,0.9030978083610535,0.9996629357337952,0.9996614456176758,0.11031694710254669
C_muE_nuD_seed42,mrpc_lin,roberta-base,uiortholora,42,0.001,0.001,base_model.model.roberta.encoder.layer.7.attention.output.dense,0.2608131170272827,0.5004388093948364,1.1511012315750122,1.3125011920928955,0.25044816732406616,0.2520430088043213,0.588264524936676,0.2454281896352768,0.42011862993240356,0.692298948764801,0.13580675423145294,0.1568409949541092,0.7426865100860596,0.7226274013519287,0.9999994039535522,0.9999927878379822,0.5996412634849548
C_muE_nuD_seed42,mrpc_lin,roberta-base,uiortholora,42,0.001,0.001,base_model.model.roberta.encoder.layer.8.attention.self.query,0.488628625869751,0.6099806427955627,1.3721370697021484,0.7104628682136536,0.0929858461022377,0.16866189241409302,0.2532092034816742,0.3525335192680359,0.27503734827041626,0.7303689122200012,0.15178896486759186,0.13073348999023438,0.4386589229106903,0.7572507858276367,0.9999980330467224,0.9999987483024597,0.3111792206764221
C_muE_nuD_seed42,mrpc_lin,roberta-base,uiortholora,42,0.001,0.001,base_model.model.roberta.encoder.layer.8.attention.self.key,0.4758773446083069,0.17281760275363922,0.714515745639801,0.9315465092658997,0.06562777608633041,0.09404228627681732,0.5357393026351929,0.4379595220088959,0.32748615741729736,0.754595935344696,0.13516634702682495,0.12604227662086487,0.7343002557754517,0.7768037915229797,0.9999736547470093,0.999972403049469,0.20271383225917816
C_muE_nuD_seed42,mrpc_lin,roberta-base,uiortholora,42,0.001,0.001,base_model.model.roberta.encoder.layer.8.attention.self.value,0.03724968060851097,0.04157349094748497,0.16852328181266785,0.15672539174556732,0.0023438120260834694,0.002067051362246275,0.9153632521629333,0.23266594111919403,0.310472309589386,0.9353771209716797,0.11371352523565292,0.16357068717479706,0.9808139801025391,0.9562375545501709,0.02944198250770569,0.0,0.005157518200576305
C_muE_nuD_seed42,mrpc_lin,roberta-base,uiortholora,42,0.001,0.001,base_model.model.roberta.encoder.layer.8.attention.output.dense,0.1342765837907791,0.2104182094335556,0.7250603437423706,0.7006990313529968,0.09181643277406693,0.06840001791715622,0.5760276913642883,0.23252038657665253,0.23494373261928558,0.8034622073173523,0.11958985775709152,0.12016259133815765,0.6444374322891235,0.8210511803627014,0.9999605417251587,0.9999517798423767,0.17023062705993652
C_muE_nuD_seed42,mrpc_lin,roberta-base,uiortholora,42,0.001,0.001,base_model.model.roberta.encoder.layer.9.attention.self.query,0.1080685555934906,0.09822490066289902,0.2652808129787445,0.20216067135334015,0.021165138110518456,0.01404503919184208,0.43984776735305786,0.2316867709159851,0.19929733872413635,0.8415220975875854,0.06025596335530281,0.058844517916440964,0.5154504179954529,0.8456212282180786,0.9999677538871765,0.9999680519104004,0.07962136715650558
C_muE_nuD_seed42,mrpc_lin,roberta-base,uiortholora,42,0.001,0.001,base_model.model.roberta.encoder.layer.9.attention.self.key,0.0063629476353526115,0.012927351519465446,0.029108848422765732,0.03845125064253807,8.306005474878475e-05,8.25451425043866e-05,0.959578812122345,0.5499470829963684,0.23510684072971344,0.9319879412651062,0.21972665190696716,0.10606769472360611,0.992946207523346,0.9632763862609863,0.021195286884903908,0.0,0.00028938494506292045
C_muE_nuD_seed42,mrpc_lin,roberta-base,uiortholora,42,0.001,0.001,base_model.model.roberta.encoder.layer.9.attention.self.value,0.014028368517756462,0.03845219314098358,0.10179858654737473,0.16712264716625214,0.003111230907961726,0.0014943405985832214,0.7959209680557251,0.42465052008628845,0.1667850762605667,0.9433544874191284,0.15479618310928345,0.07880235463380814,0.81943678855896,0.9590923190116882,0.021011700853705406,0.0,0.006717897951602936
C_muE_nuD_seed42,mrpc_lin,roberta-base,uiortholora,42,0.001,0.001,base_model.model.roberta.encoder.layer.9.attention.output.dense,0.00010451280104462057,9.863053128356114e-05,0.000579697429202497,0.0005919719114899635,1.4320263197475924e-08,1.9956507557594705e-08,0.9665446281433105,0.25027894973754883,0.14826837182044983,0.9283627271652222,0.22280828654766083,0.18985989689826965,0.9989121556282043,0.9732984304428101,0.02959141507744789,0.0,0.00014551433559972793
C_muE_nuD_seed42,mrpc_lin,roberta-base,uiortholora,42,0.001,0.001,base_model.model.roberta.encoder.layer.10.attention.self.query,0.21425141394138336,0.3202247619628906,0.6497420072555542,0.4255889654159546,0.04882324859499931,0.03824731707572937,0.36102062463760376,0.3048296272754669,0.2720000147819519,0.7700827121734619,0.10231729596853256,0.0951736718416214,0.4944310784339905,0.7825605869293213,0.9997066855430603,0.9996916055679321,0.15536388754844666
C_muE_nuD_seed42,mrpc_lin,roberta-base,uiortholora,42,0.001,0.001,base_model.model.roberta.encoder.layer.10.attention.self.key,0.15025775134563446,0.14175717532634735,0.35252517461776733,0.28812074661254883,0.030067525804042816,0.04051104560494423,0.4547990560531616,0.3060740530490875,0.27952414751052856,0.8024973273277283,0.08048845082521439,0.07863999158143997,0.5822139978408813,0.8102453351020813,0.9999912977218628,0.9999918937683105,0.10657833516597748
C_muE_nuD_seed42,mrpc_lin,roberta-base,uiortholora,42,0.001,0.001,base_model.model.roberta.encoder.layer.10.attention.self.value,0.0010297420667484403,0.0007456493331119418,0.005329971667379141,0.00460805743932724,6.437643946810567e-07,6.762233510926308e-07,0.9032959342002869,0.20175951719284058,0.4134056866168976,0.905354380607605,0.16334691643714905,0.3585202991962433,0.9917118549346924,0.9872376918792725,0.021048547700047493,0.0,9.577154560247436e-05
C_muE_nuD_seed42,mrpc_lin,roberta-base,uiortholora,42,0.001,0.001,base_model.model.roberta.encoder.layer.10.attention.output.dense,0.0018643863731995225,0.0024937246926128864,0.009543082676827908,0.010013014078140259,5.740427013734006e-07,1.1828361721200054e-06,0.7669310569763184,0.34316790103912354,0.5419716238975525,0.7049763202667236,0.41519251465797424,0.4953243136405945,0.9658893346786499,0.9562927484512329,0.021011700853705406,0.0,7.252000796142966e-05
C_muE_nuD_seed42,mrpc_lin,roberta-base,uiortholora,42,0.001,0.001,base_model.model.roberta.encoder.layer.11.attention.self.query,0.5043311715126038,0.5817607641220093,1.7639033794403076,0.6036308407783508,0.0585893914103508,0.08463655412197113,0.2820594608783722,0.639789342880249,0.23924489319324493,0.7121391892433167,0.3048807978630066,0.21991895139217377,0.6949438452720642,0.8051677346229553,0.9999379515647888,0.9999896883964539,0.16086597740650177
C_muE_nuD_seed42,mrpc_lin,roberta-base,uiortholora,42,0.001,0.001,base_model.model.roberta.encoder.layer.11.attention.self.key,0.08065565675497055,0.06978558003902435,0.23845624923706055,0.2900656461715698,0.011619697324931622,0.009359648451209068,0.6952463388442993,0.20556685328483582,0.22252319753170013,0.8816115856170654,0.08931294828653336,0.08166716247797012,0.7459152936935425,0.8897727727890015,0.021251456812024117,0.0,0.0342034250497818
C_muE_nuD_seed42,mrpc_lin,roberta-base,uiortholora,42,0.001,0.001,base_model.model.roberta.encoder.layer.11.attention.self.value,0.23888199031352997,0.200328066945076,0.8500199913978577,1.002388596534729,0.2090526968240738,0.1898665875196457,0.5369568467140198,0.16899196803569794,0.17593644559383392,0.8267869353294373,0.09243392944335938,0.09108815342187881,0.5748060345649719,0.8368071913719177,0.9999980330467224,0.9999978542327881,0.495540052652359
C_muE_nuD_seed42,mrpc_lin,roberta-base,uiortholora,42,0.001,0.001,base_model.model.roberta.encoder.layer.11.attention.output.dense,0.16867953538894653,0.1761665642261505,0.7349379062652588,0.919028639793396,0.2621902525424957,0.15181556344032288,0.6544959545135498,0.15593497455120087,0.1734100729227066,0.8210734724998474,0.08128789812326431,0.08032023906707764,0.6774982810020447,0.8288846015930176,0.9999994039535522,0.9999998211860657,0.4994875192642212
