metric,family,method,n,mean,sd,min,max
retention_mean,lrsw,lora,25,24.094,3.208,16.93,27.46
retention_mean,lrsw,lora_null,25,24.217,2.99,17.36,27.42
retention_mean,lrsw,lorawd,27,24.604,7.154,0.0,27.8
retention_mean,lrsw,milora,25,24.272,3.612,14.84,27.57
retention_mean,lrsw,milorawd,2,27.325,0.94,26.66,27.99
retention_mean,lrsw,clora,27,21.957,7.142,1.17,27.48
retention_mean,lrsw,dora,25,19.734,9.364,0.0,27.3
retention_mean,lrsw,sclora,24,18.11,7.541,3.19,27.02
retention_mean,lrswm,lora,21,23.542,2.338,19.08,26.07
retention_mean,lrswm,lorawd,21,24.94,1.219,22.32,26.4
retention_mean,lrswm,milora,21,23.637,2.571,17.94,25.94
retention_mean,lrswm,clora,21,23.752,2.241,19.13,26.15
retention_mean,lrswm,dora,21,23.32,2.455,17.89,25.92
retention_mean,lrswm,sclora,15,20.259,5.234,6.76,26.03
retention_mean,qwsw,lora,23,30.273,12.785,6.02,39.33
retention_mean,qwsw,lora_null,21,33.533,11.233,6.92,40.64
retention_mean,qwsw,lorawd,23,38.163,8.382,0.0,41.44
retention_mean,qwsw,milora,25,30.89,12.158,6.41,40.07
retention_mean,qwsw,clora,23,34.163,10.066,6.32,40.72
retention_mean,qwsw,dora,13,26.545,13.089,6.96,38.88
retention_mean,qwsw,sclora,23,24.773,14.658,2.23,39.8
retention_mean,qwswm,lora,46,38.314,12.31,0.0,44.84
retention_mean,qwswm,lora_null,20,42.408,1.731,38.54,44.2
retention_mean,qwswm,lorawd,24,40.76,12.576,0.0,45.86
retention_mean,qwswm,milora,23,37.779,12.936,0.0,44.55
retention_mean,qwswm,clora,20,41.582,4.393,31.48,45.57
retention_mean,qwswm,dora,11,39.452,7.298,22.56,44.28
retention_mean,qwswm,sclora,20,32.18,12.982,6.36,44.56
retention_mean,frc,lora,16,23.172,1.16,21.6,25.04
retention_mean,frc,lora_null,26,18.338,7.267,1.08,26.52
retention_mean,frc,lorawd,121,24.291,4.463,3.12,27.99
retention_mean,frc,lorawdr16,10,26.794,0.272,26.27,27.25
retention_mean,frc,milora,51,21.319,6.205,0.0,27.56
retention_mean,frc,clora,21,23.81,1.067,22.09,25.49
retention_mean,frc,dora,3,21.61,1.021,20.9,22.78
retention_mean,frc,sclora,24,15.406,7.614,0.64,27.56
retention_mean,frc,pissa,4,11.355,1.712,9.38,13.25
retention_mean,frm,lora,3,18.107,0.306,17.84,18.44
retention_mean,frm,lora_null,4,19.98,1.975,18.64,22.9
retention_mean,frm,lorawd,105,21.621,6.356,0.0,26.43
retention_mean,frm,milora,12,15.314,9.072,0.44,24.04
retention_mean,frm,clora,10,18.751,0.341,18.3,19.21
retention_mean,frm,dora,3,18.317,0.758,17.76,19.18
retention_mean,frm,sclora,6,15.67,2.6,12.66,18.32
retention_mean,frm,pissa,1,3.62,,3.62,3.62
retention_mean,lrsw,corda [WITHHELD],23,17.389,8.402,0.0,26.17
retention_mean,qwsw,corda [WITHHELD],5,36.862,5.384,27.27,39.84
retention_mean,frc,cordapp [WITHHELD],8,19.474,8.886,0.0,26.56
retention_mean,frm,cordapp [WITHHELD],3,19.003,5.073,13.22,22.7
retention_broad,lrsw,lora,25,32.497,3.996,24.82,36.89
retention_broad,lrsw,lora_null,25,33.004,3.753,25.23,37.11
retention_broad,lrsw,lorawd,27,33.738,4.273,20.04,36.9
retention_broad,lrsw,milora,25,32.994,4.257,24.17,36.85
retention_broad,lrsw,milorawd,2,35.265,0.827,34.68,35.85
retention_broad,lrsw,clora,27,31.683,5.611,20.17,37.37
retention_broad,lrsw,dora,25,30.219,6.146,19.82,36.95
retention_broad,lrsw,sclora,24,27.991,5.48,19.23,36.58
retention_broad,lrswm,lora,21,31.602,2.422,27.01,34.41
retention_broad,lrswm,lorawd,21,33.358,1.105,29.91,34.35
retention_broad,lrswm,milora,21,31.899,2.463,26.83,34.16
retention_broad,lrswm,clora,21,31.841,2.098,27.17,34.07
retention_broad,lrswm,dora,21,31.333,2.417,26.59,33.8
retention_broad,lrswm,sclora,15,29.758,3.666,21.77,33.58
retention_broad,qwsw,lora,23,42.04,9.86,21.58,50.71
retention_broad,qwsw,lora_null,21,45.252,8.315,25.02,52.3
retention_broad,qwsw,lorawd,23,47.314,6.389,19.43,50.96
retention_broad,qwsw,milora,25,42.132,9.314,21.73,51.4
retention_broad,qwsw,clora,23,44.856,7.629,26.0,51.07
retention_broad,qwsw,dora,13,38.764,9.984,21.54,49.97
retention_broad,qwsw,sclora,23,35.81,10.395,19.99,48.15
retention_broad,qwswm,lora,46,49.318,9.125,19.49,54.11
retention_broad,qwswm,lora_null,20,52.564,1.547,49.07,53.7
retention_broad,qwswm,lorawd,24,50.922,9.612,19.23,54.48
retention_broad,qwswm,milora,23,48.995,9.136,19.26,53.43
retention_broad,qwswm,clora,20,51.736,3.889,42.35,54.18
retention_broad,qwswm,dora,11,49.873,7.43,31.3,53.96
retention_broad,qwswm,sclora,20,45.191,10.629,22.01,54.42
retention_broad,frc,lora,16,31.127,1.341,28.28,32.98
retention_broad,frc,lora_null,26,27.949,5.149,18.97,36.47
retention_broad,frc,lorawd,121,32.343,3.792,19.94,36.96
retention_broad,frc,lorawdr16,8,34.698,0.943,33.13,35.84
retention_broad,frc,milora,51,30.325,4.962,19.69,36.88
retention_broad,frc,clora,21,32.0,1.65,29.18,34.8
retention_broad,frc,dora,3,29.89,0.97,28.93,30.87
retention_broad,frc,sclora,24,25.634,4.933,18.8,36.63
retention_broad,frc,pissa,4,22.868,0.834,22.11,23.8
retention_broad,frm,lora,3,27.093,0.434,26.63,27.49
retention_broad,frm,lora_null,4,28.345,1.29,27.33,30.17
retention_broad,frm,lorawd,105,31.115,3.99,19.68,35.55
retention_broad,frm,milora,12,26.806,4.672,20.2,32.75
retention_broad,frm,clora,10,27.355,0.515,26.51,28.1
retention_broad,frm,dora,3,26.693,0.021,26.67,26.71
retention_broad,frm,sclora,6,25.868,2.119,23.6,28.57
retention_broad,frm,pissa,1,21.7,,21.7,21.7
retention_broad,lrsw,corda [WITHHELD],23,28.325,5.43,19.32,35.8
retention_broad,qwsw,corda [WITHHELD],5,47.836,4.48,40.29,51.33
retention_broad,frc,cordapp [WITHHELD],8,30.595,5.947,19.84,36.32
retention_broad,frm,cordapp [WITHHELD],3,27.623,3.369,23.74,29.77
adapt,lrsw,lora,25,66.781,15.09,25.65,80.01
adapt,lrsw,lora_null,25,59.953,17.641,17.66,80.37
adapt,lrsw,lorawd,27,61.129,24.889,0.0,81.9
adapt,lrsw,milora,25,62.352,18.085,22.31,79.86
adapt,lrsw,milorawd,2,70.1,14.312,59.98,80.22
adapt,lrsw,clora,27,57.864,20.812,0.22,80.62
adapt,lrsw,dora,25,59.263,19.659,18.73,80.47
adapt,lrsw,sclora,24,70.685,16.52,19.93,80.86
adapt,lrswm,lora,21,42.626,4.315,33.89,48.98
adapt,lrswm,lorawd,21,46.113,5.09,35.1,52.01
adapt,lrswm,milora,21,41.432,5.294,32.45,48.37
adapt,lrswm,clora,21,43.391,4.498,33.89,49.43
adapt,lrswm,dora,21,40.696,5.542,31.54,47.16
adapt,lrswm,sclora,15,52.539,7.427,39.8,59.36
adapt,qwsw,lora,23,82.347,5.375,69.62,87.47
adapt,qwsw,lora_null,21,84.421,2.565,76.54,87.17
adapt,qwsw,lorawd,23,82.764,18.061,0.01,87.77
adapt,qwsw,milora,25,83.222,5.543,69.26,87.53
adapt,qwsw,clora,23,81.603,10.757,39.02,87.39
adapt,qwsw,dora,13,82.151,6.445,64.74,86.91
adapt,qwsw,sclora,23,79.89,12.801,38.81,87.53
adapt,qwswm,lora,46,58.165,13.606,0.0,71.19
adapt,qwswm,lora_null,20,65.845,7.698,50.27,76.04
adapt,qwswm,lorawd,24,59.234,18.915,0.0,72.93
adapt,qwswm,milora,23,55.285,14.157,0.0,69.98
adapt,qwswm,clora,20,64.64,6.169,51.63,73.01
adapt,qwswm,dora,11,59.991,12.87,24.49,70.96
adapt,qwswm,sclora,20,61.002,22.009,3.26,77.86
adapt,frc,lora,16,77.132,4.498,61.18,79.91
adapt,frc,lora_null,26,68.49,13.351,37.25,80.56
adapt,frc,lorawd,121,68.24,18.544,6.01,82.41
adapt,frc,lorawdr16,10,61.392,27.098,13.53,81.39
adapt,frc,milora,51,63.486,19.358,0.0,80.19
adapt,frc,clora,21,75.592,6.141,59.72,80.14
adapt,frc,dora,3,78.787,0.225,78.54,78.98
adapt,frc,sclora,24,66.914,15.224,36.48,80.46
adapt,frc,pissa,4,69.432,0.499,68.87,70.05
adapt,frm,lora,3,59.593,1.533,57.85,60.73
adapt,frm,lora_null,4,62.338,1.065,61.18,63.76
adapt,frm,lorawd,105,61.21,13.219,0.0,69.52
adapt,frm,milora,12,55.547,10.38,34.65,64.44
adapt,frm,clora,10,59.948,0.877,58.45,60.96
adapt,frm,dora,3,59.187,0.502,58.76,59.74
adapt,frm,sclora,6,58.237,2.487,55.72,61.03
adapt,frm,pissa,1,49.66,,49.66,49.66
adapt,lrsw,corda [WITHHELD],23,57.465,24.501,0.0,78.38
adapt,qwsw,corda [WITHHELD],5,83.764,1.861,81.42,85.55
adapt,frc,cordapp [WITHHELD],8,55.631,26.394,1.44,78.5
adapt,frm,cordapp [WITHHELD],3,59.037,0.614,58.61,59.74
