family,method,lr,cell,n_seeds,adapt_mean,adapt_sd,stable_rank_w_mean,stable_rank_w_sd,eff_rank_w_mean,eff_rank_w_sd,e_top_w_mean,e_top_w_sd,e_bot_w_mean,e_bot_w_sd,amp_top_w_mean,amp_top_w_sd
lrsw,lora,0.0003,lrsw_lora_r16_lr3e4,4,79.17,0.2,4.749,0.014,11.54,0.015,0.067,0.0,0.046,0.0,0.066,0.0
lrsw,dora,0.0005,lrsw_dora_r16_lr5e4,3,76.233,1.65,6.95,0.06,13.328,0.072,0.084,0.002,0.045,0.0,0.077,0.001
lrsw,milorawd,0.0005,lrsw_milorawd_wd0p3_r32_lr5e4,1,80.22,,7.881,,20.976,,0.074,,0.065,,0.074,
lrsw,sclora,5e-05,lrsw_sclora_r32_lr5e5,3,80.613,0.41,8.339,1.415,32.31,3.671,0.098,0.013,0.037,0.001,0.183,0.036
lrsw,lora_null,0.0005,lrsw_lora_null_r16_lr5e4,4,78.865,0.166,8.358,0.065,15.728,0.127,0.107,0.013,0.042,0.0,0.088,0.009
lrsw,milora,0.0005,lrsw_milora_r32_lr5e4,4,77.192,0.42,9.024,0.071,20.824,0.076,0.07,0.001,0.061,0.0,0.065,0.0
lrsw,lorawd,0.0005,lrsw_lorawd_wd0p3_lr5e4,4,81.75,0.168,10.652,0.048,23.729,0.079,0.075,0.0,0.046,0.0,0.073,0.0
lrsw,clora,0.0005,lrsw_clora_k1024_lr5e4,4,78.29,0.249,11.385,0.135,25.629,0.043,0.058,0.0,0.046,0.0,0.056,0.0
lrswm,dora,0.0003,lrswm_dora_r16_lr3e4,3,46.45,1.037,4.454,0.019,11.133,0.051,0.065,0.0,0.048,0.0,0.065,0.0
lrswm,lora,0.0003,lrswm_lora_r16_lr3e4,3,47.817,1.218,4.534,0.115,11.295,0.112,0.065,0.0,0.048,0.0,0.065,0.0
lrswm,milora,0.0003,lrswm_milora_r32_lr3e4,3,47.613,0.723,5.483,0.068,15.801,0.049,0.063,0.0,0.101,0.0,0.064,0.0
lrswm,clora,0.0003,lrswm_clora_k1024_lr3e4,3,48.62,1.091,7.608,0.075,22.399,0.088,0.058,0.0,0.049,0.0,0.056,0.0
lrswm,lorawd,0.0005,lrswm_lorawd_wd0p3_lr5e4,3,50.67,1.325,9.9,0.067,23.599,0.037,0.071,0.001,0.048,0.0,0.07,0.0
lrswm,sclora,0.0001,lrswm_sclora_r32_lr1e4,2,59.095,0.375,11.482,0.01,35.528,0.018,0.102,0.0,0.037,0.0,0.183,0.0
qwsw,lora,7e-05,qwsw_lora_r16_lr7e5,1,87.47,,2.603,,7.12,,0.115,,0.092,,0.075,
qwsw,dora,0.0001,qwsw_dora_r16_lr1e4,1,86.8,,3.11,,8.582,,0.115,,0.092,,0.074,
qwsw,lorawd,7e-05,qwsw_lorawd_wd0p3_lr7e5,1,87.77,,3.394,,11.877,,0.116,,0.093,,0.075,
qwsw,clora,0.0001,qwsw_clora_k1024_lr1e4,4,87.015,0.19,4.939,0.012,17.435,0.091,0.058,0.0,0.043,0.0,0.047,0.0
qwsw,lora_null,0.0002,qwsw_lora_null_r16_lr2e4,3,86.23,1.602,7.226,0.748,15.805,1.04,0.163,0.003,0.074,0.004,0.092,0.001
qwsw,milora,0.00015,qwsw_milora_r32_lr15e5,1,87.33,,8.934,,25.193,,0.071,,0.311,,0.056,
qwsw,sclora,7e-05,qwsw_sclora_r32_lr7e5,1,87.53,,13.266,,37.618,,0.102,,0.125,,0.128,
qwswm,lora,7e-05,qwswm_lora_r32_lr7e5,1,67.17,,5.445,,19.223,,0.124,,0.105,,0.076,
qwswm,dora,0.0003,qwswm_dora_r16_lr3e4,1,70.96,,7.094,,13.704,,0.114,,0.1,,0.071,
qwswm,milora,0.0002,qwswm_milora_r32_lr2e4,3,65.353,4.029,11.347,0.186,31.073,0.345,0.067,0.0,0.34,0.001,0.052,0.001
qwswm,lora_null,0.001,qwswm_lora_null_r16_lr1e3,3,72.327,1.333,11.558,0.072,16.352,0.024,0.115,0.001,0.091,0.0,0.074,0.0
qwswm,lorawd,0.0003,qwswm_lorawd_wd0p3_lr3e4_ep6,3,68.967,2.368,13.847,0.046,27.231,0.026,0.116,0.0,0.104,0.0,0.074,0.0
qwswm,sclora,5e-05,qwswm_sclora_r32_lr5e5,3,77.23,0.785,14.382,0.033,38.557,0.016,0.154,0.0,0.103,0.0,0.171,0.0
qwswm,clora,0.001,qwswm_clora_k1024_lr1e3,3,70.457,0.96,19.526,0.411,30.032,0.433,0.05,0.0,0.044,0.0,0.043,0.0
frc,lora,0.0003,frc_lora_r16_lr3e4_c256,3,79.367,0.662,4.744,0.038,11.536,0.031,0.068,0.0,0.046,0.0,0.066,0.0
frc,lorawdr16,0.0005,frc_lorawdr16_wd0p3_lr5e4_c256,5,74.58,12.993,7.039,0.074,13.273,0.052,0.072,0.0,0.047,0.0,0.071,0.0
frc,dora,0.0003,frc_dora_r32_lr3e4_c256,3,78.787,0.225,7.119,0.178,20.803,0.122,0.081,0.002,0.046,0.0,0.074,0.001
frc,clora,0.0003,frc_clora_k512_lr3e4_c256,5,79.386,0.358,8.336,0.15,23.341,0.085,0.061,0.0,0.046,0.0,0.059,0.0
frc,milora,0.0005,frc_milora_a1r_lr5e4_c256,4,77.192,0.391,9.024,0.071,20.824,0.076,0.07,0.001,0.061,0.0,0.065,0.0
frc,lorawd,0.0005,frc_lorawd_wd0p3_lr5e4_c256,4,81.858,0.205,10.539,0.096,23.672,0.084,0.075,0.001,0.046,0.0,0.073,0.0
frc,lora_null,0.0002,frc_lora_null_lr2e4_c256,5,79.846,0.77,10.929,0.027,30.335,0.051,0.103,0.001,0.042,0.0,0.096,0.0
frc,sclora,0.0001,frc_sclora_lr1e4_c256,4,80.02,0.565,12.425,0.115,32.17,0.026,0.075,0.0,0.042,0.0,0.158,0.0
frc,pissa,0.0003,frc_pissa_r32_lr3e4_c256,4,69.432,0.499,18.058,0.04,39.724,0.036,0.221,0.0,0.038,0.0,0.216,0.0
frm,milora,0.0001,frm_milora_lr1e4_c256,3,63.683,0.798,9.958,0.033,33.139,0.1,0.062,0.001,0.088,0.0,0.059,0.0
frm,lorawd,0.0002,frm_lorawd_wd0p3_lr2e4_c512,3,68.483,0.905,12.918,0.204,38.491,0.093,0.074,0.001,0.049,0.0,0.073,0.0
frm,dora,0.0003,frm_dora_lr3e4_c256,3,59.187,0.502,19.266,0.175,45.768,0.231,0.119,0.002,0.044,0.0,0.107,0.002
frm,lora_null,0.0001,frm_lora_null_lr1e4_c256,1,63.76,,19.809,,63.858,,0.102,,0.041,,0.094,
frm,lora,0.0003,frm_lora_lr3e4_c256,3,59.593,1.533,23.244,0.102,52.21,0.029,0.072,0.0,0.045,0.0,0.068,0.0
frm,sclora,0.0001,frm_sclora_lr1e4_c256,3,60.473,0.532,23.802,0.007,63.006,0.051,0.082,0.0,0.042,0.0,0.168,0.0
frm,clora,0.0003,frm_clora_k256_lr3e4_c256,3,60.653,0.401,25.284,0.043,54.201,0.06,0.064,0.0,0.046,0.0,0.062,0.0
frm,pissa,0.0003,frm_pissa_lr3e4_c256,1,49.66,,32.63,,71.879,,0.188,,0.039,,0.189,
